athlete_id,event_id,race_id,netTime
1,Medio Maratón,01675eec-4b8b-4b92-80b7-5e22a1878f38,3849553.0
2,Medio Maratón,01675eec-4b8b-4b92-80b7-5e22a1878f38,3774464.0
3,Medio Maratón,01675eec-4b8b-4b92-80b7-5e22a1878f38,3664133.0
4,Medio Maratón,01675eec-4b8b-4b92-80b7-5e22a1878f38,3679134.0
5,Medio Maratón,01675eec-4b8b-4b92-80b7-5e22a1878f38,3791747.0
6,Medio Maratón,01675eec-4b8b-4b92-80b7-5e22a1878f38,3787217.0
7,Medio Maratón,01675eec-4b8b-4b92-80b7-5e22a1878f38,3645227.0
8,Medio Maratón,01675eec-4b8b-4b92-80b7-5e22a1878f38,3683174.0
9,Medio Maratón,01675eec-4b8b-4b92-80b7-5e22a1878f38,3667505.0
10,Medio Maratón,01675eec-4b8b-4b92-80b7-5e22a1878f38,4067095.0
11,Medio Maratón,01675eec-4b8b-4b92-80b7-5e22a1878f38,3838261.0
12,Medio Maratón,01675eec-4b8b-4b92-80b7-5e22a1878f38,3648456.0
13,Medio Maratón,01675eec-4b8b-4b92-80b7-5e22a1878f38,4137685.0
21,Medio Maratón,01675eec-4b8b-4b92-80b7-5e22a1878f38,4092284.0
38,Medio Maratón,01675eec-4b8b-4b92-80b7-5e22a1878f38,4124540.0
54,Medio Maratón,01675eec-4b8b-4b92-80b7-5e22a1878f38,4098132.0
92,Medio Maratón,01675eec-4b8b-4b92-80b7-5e22a1878f38,4138486.0
207,Medio Maratón,01675eec-4b8b-4b92-80b7-5e22a1878f38,4149167.0
246,Medio Maratón,01675eec-4b8b-4b92-80b7-5e22a1878f38,3369540.0
247,Medio Maratón,01675eec-4b8b-4b92-80b7-5e22a1878f38,3368984.0
400,Medio Maratón,01675eec-4b8b-4b92-80b7-5e22a1878f38,9824382.0
731,Medio Maratón,01675eec-4b8b-4b92-80b7-5e22a1878f38,9756341.0
802,Medio Maratón,01675eec-4b8b-4b92-80b7-5e22a1878f38,3372713.0
814,Medio Maratón,01675eec-4b8b-4b92-80b7-5e22a1878f38,9927103.0
1926,Medio Maratón,01675eec-4b8b-4b92-80b7-5e22a1878f38,9756085.0
2179,Medio Maratón,01675eec-4b8b-4b92-80b7-5e22a1878f38,9794775.0
2899,Medio Maratón,01675eec-4b8b-4b92-80b7-5e22a1878f38,10925599.0
3843,Medio Maratón,01675eec-4b8b-4b92-80b7-5e22a1878f38,10032830.0
4242,Medio Maratón,01675eec-4b8b-4b92-80b7-5e22a1878f38,10290919.0
4390,Medio Maratón,01675eec-4b8b-4b92-80b7-5e22a1878f38,9945121.0
5968,Medio Maratón,01675eec-4b8b-4b92-80b7-5e22a1878f38,9950497.0
6675,Medio Maratón,01675eec-4b8b-4b92-80b7-5e22a1878f38,10519242.0
6957,Medio Maratón,01675eec-4b8b-4b92-80b7-5e22a1878f38,10019182.0
7073,Medio Maratón,01675eec-4b8b-4b92-80b7-5e22a1878f38,10300280.0
8407,Medio Maratón,01675eec-4b8b-4b92-80b7-5e22a1878f38,11106130.0
8780,Medio Maratón,01675eec-4b8b-4b92-80b7-5e22a1878f38,11360264.0
9052,Medio Maratón,01675eec-4b8b-4b92-80b7-5e22a1878f38,9964433.0
10379,Medio Maratón,01675eec-4b8b-4b92-80b7-5e22a1878f38,10220888.0
11157,Medio Maratón,01675eec-4b8b-4b92-80b7-5e22a1878f38,10318179.0
12111,Medio Maratón,01675eec-4b8b-4b92-80b7-5e22a1878f38,10054817.0
12423,Medio Maratón,01675eec-4b8b-4b92-80b7-5e22a1878f38,10524149.0
13171,Medio Maratón,01675eec-4b8b-4b92-80b7-5e22a1878f38,9720401.0
13390,Medio Maratón,01675eec-4b8b-4b92-80b7-5e22a1878f38,10907418.0
14726,Medio Maratón,01675eec-4b8b-4b92-80b7-5e22a1878f38,10183589.0
14878,Medio Maratón,01675eec-4b8b-4b92-80b7-5e22a1878f38,10235707.0
14908,Medio Maratón,01675eec-4b8b-4b92-80b7-5e22a1878f38,9788532.0
14987,Medio Maratón,01675eec-4b8b-4b92-80b7-5e22a1878f38,11227960.0
15430,Medio Maratón,01675eec-4b8b-4b92-80b7-5e22a1878f38,10502158.0
15515,Medio Maratón,01675eec-4b8b-4b92-80b7-5e22a1878f38,10674827.0
15544,Medio Maratón,01675eec-4b8b-4b92-80b7-5e22a1878f38,10337531.0
15558,Medio Maratón,01675eec-4b8b-4b92-80b7-5e22a1878f38,9975352.0
15692,Medio Maratón,01675eec-4b8b-4b92-80b7-5e22a1878f38,11865377.0
15744,Medio Maratón,01675eec-4b8b-4b92-80b7-5e22a1878f38,9843475.0
15796,Medio Maratón,01675eec-4b8b-4b92-80b7-5e22a1878f38,9899758.0
15931,Medio Maratón,01675eec-4b8b-4b92-80b7-5e22a1878f38,10526086.0
16141,Medio Maratón,01675eec-4b8b-4b92-80b7-5e22a1878f38,9792612.0
16181,Medio Maratón,01675eec-4b8b-4b92-80b7-5e22a1878f38,9928390.0
16335,Medio Maratón,01675eec-4b8b-4b92-80b7-5e22a1878f38,9808472.0
16343,Medio Maratón,01675eec-4b8b-4b92-80b7-5e22a1878f38,9955270.0
16512,Medio Maratón,01675eec-4b8b-4b92-80b7-5e22a1878f38,10439262.0
16588,Medio Maratón,01675eec-4b8b-4b92-80b7-5e22a1878f38,11438405.0
16643,Medio Maratón,01675eec-4b8b-4b92-80b7-5e22a1878f38,10066464.0
16648,Medio Maratón,01675eec-4b8b-4b92-80b7-5e22a1878f38,10414100.0
16731,Medio Maratón,01675eec-4b8b-4b92-80b7-5e22a1878f38,9939053.0
16734,Medio Maratón,01675eec-4b8b-4b92-80b7-5e22a1878f38,9964164.0
16829,Medio Maratón,01675eec-4b8b-4b92-80b7-5e22a1878f38,9726954.0
16952,Medio Maratón,01675eec-4b8b-4b92-80b7-5e22a1878f38,10084558.0
16977,Medio Maratón,01675eec-4b8b-4b92-80b7-5e22a1878f38,9863823.0
17194,Medio Maratón,01675eec-4b8b-4b92-80b7-5e22a1878f38,9748536.0
17230,Medio Maratón,01675eec-4b8b-4b92-80b7-5e22a1878f38,9794203.0
17260,Medio Maratón,01675eec-4b8b-4b92-80b7-5e22a1878f38,9819973.0
17374,Medio Maratón,01675eec-4b8b-4b92-80b7-5e22a1878f38,10213696.0
17647,Medio Maratón,01675eec-4b8b-4b92-80b7-5e22a1878f38,11437937.0
17768,Medio Maratón,01675eec-4b8b-4b92-80b7-5e22a1878f38,9861206.0
17854,Medio Maratón,01675eec-4b8b-4b92-80b7-5e22a1878f38,9953031.0
17897,Medio Maratón,01675eec-4b8b-4b92-80b7-5e22a1878f38,10006623.0
17950,Medio Maratón,01675eec-4b8b-4b92-80b7-5e22a1878f38,10048700.0
17958,Medio Maratón,01675eec-4b8b-4b92-80b7-5e22a1878f38,12094732.0
17959,Medio Maratón,01675eec-4b8b-4b92-80b7-5e22a1878f38,9936267.0
18077,Medio Maratón,01675eec-4b8b-4b92-80b7-5e22a1878f38,11288825.0
18114,Medio Maratón,01675eec-4b8b-4b92-80b7-5e22a1878f38,9792781.0
18186,Medio Maratón,01675eec-4b8b-4b92-80b7-5e22a1878f38,9964896.0
18315,Medio Maratón,01675eec-4b8b-4b92-80b7-5e22a1878f38,10579979.0
18345,Medio Maratón,01675eec-4b8b-4b92-80b7-5e22a1878f38,10237738.0
18376,Medio Maratón,01675eec-4b8b-4b92-80b7-5e22a1878f38,10605767.0
18541,Medio Maratón,01675eec-4b8b-4b92-80b7-5e22a1878f38,10297691.0
18672,Medio Maratón,01675eec-4b8b-4b92-80b7-5e22a1878f38,10429749.0
18744,Medio Maratón,01675eec-4b8b-4b92-80b7-5e22a1878f38,10429672.0
18777,Medio Maratón,01675eec-4b8b-4b92-80b7-5e22a1878f38,9724804.0
18835,Medio Maratón,01675eec-4b8b-4b92-80b7-5e22a1878f38,9808679.0
18852,Medio Maratón,01675eec-4b8b-4b92-80b7-5e22a1878f38,9734445.0
18878,Medio Maratón,01675eec-4b8b-4b92-80b7-5e22a1878f38,10023554.0
18934,Medio Maratón,01675eec-4b8b-4b92-80b7-5e22a1878f38,10238006.0
18956,Medio Maratón,01675eec-4b8b-4b92-80b7-5e22a1878f38,9943286.0
18976,Medio Maratón,01675eec-4b8b-4b92-80b7-5e22a1878f38,10188240.0
19109,Medio Maratón,01675eec-4b8b-4b92-80b7-5e22a1878f38,10684570.0
19658,Medio Maratón,01675eec-4b8b-4b92-80b7-5e22a1878f38,9813166.0
19729,Medio Maratón,01675eec-4b8b-4b92-80b7-5e22a1878f38,10568917.0
19737,Medio Maratón,01675eec-4b8b-4b92-80b7-5e22a1878f38,10341203.0
19803,Medio Maratón,01675eec-4b8b-4b92-80b7-5e22a1878f38,11509394.0
19855,Medio Maratón,01675eec-4b8b-4b92-80b7-5e22a1878f38,9965773.0
19952,Medio Maratón,01675eec-4b8b-4b92-80b7-5e22a1878f38,9814361.0
19958,Medio Maratón,01675eec-4b8b-4b92-80b7-5e22a1878f38,10641799.0
19959,Medio Maratón,01675eec-4b8b-4b92-80b7-5e22a1878f38,10641403.0
19983,Medio Maratón,01675eec-4b8b-4b92-80b7-5e22a1878f38,9924131.0
20009,Medio Maratón,01675eec-4b8b-4b92-80b7-5e22a1878f38,9757485.0
20049,Medio Maratón,01675eec-4b8b-4b92-80b7-5e22a1878f38,10065750.0
20098,Medio Maratón,01675eec-4b8b-4b92-80b7-5e22a1878f38,10402766.0
20126,Medio Maratón,01675eec-4b8b-4b92-80b7-5e22a1878f38,9792924.0
20136,Medio Maratón,01675eec-4b8b-4b92-80b7-5e22a1878f38,10455367.0
20143,Medio Maratón,01675eec-4b8b-4b92-80b7-5e22a1878f38,9793923.0
20146,Medio Maratón,01675eec-4b8b-4b92-80b7-5e22a1878f38,10301956.0
20162,Medio Maratón,01675eec-4b8b-4b92-80b7-5e22a1878f38,10145487.0
20164,Medio Maratón,01675eec-4b8b-4b92-80b7-5e22a1878f38,9982007.0
20236,Medio Maratón,01675eec-4b8b-4b92-80b7-5e22a1878f38,11078514.0
20248,Medio Maratón,01675eec-4b8b-4b92-80b7-5e22a1878f38,9777403.0
20264,Medio Maratón,01675eec-4b8b-4b92-80b7-5e22a1878f38,9801278.0
20307,Medio Maratón,01675eec-4b8b-4b92-80b7-5e22a1878f38,10361506.0
20311,Medio Maratón,01675eec-4b8b-4b92-80b7-5e22a1878f38,10550789.0
20319,Medio Maratón,01675eec-4b8b-4b92-80b7-5e22a1878f38,9966511.0
20356,Medio Maratón,01675eec-4b8b-4b92-80b7-5e22a1878f38,10101018.0
20388,Medio Maratón,01675eec-4b8b-4b92-80b7-5e22a1878f38,9876951.0
20395,Medio Maratón,01675eec-4b8b-4b92-80b7-5e22a1878f38,12576196.0
20411,Medio Maratón,01675eec-4b8b-4b92-80b7-5e22a1878f38,10660986.0
20435,Medio Maratón,01675eec-4b8b-4b92-80b7-5e22a1878f38,10198667.0
20471,Medio Maratón,01675eec-4b8b-4b92-80b7-5e22a1878f38,10218888.0
20472,Medio Maratón,01675eec-4b8b-4b92-80b7-5e22a1878f38,10138186.0
20503,Medio Maratón,01675eec-4b8b-4b92-80b7-5e22a1878f38,11062083.0
20533,Medio Maratón,01675eec-4b8b-4b92-80b7-5e22a1878f38,10131849.0
20538,Medio Maratón,01675eec-4b8b-4b92-80b7-5e22a1878f38,11258177.0
20539,Medio Maratón,01675eec-4b8b-4b92-80b7-5e22a1878f38,10141227.0
20541,Medio Maratón,01675eec-4b8b-4b92-80b7-5e22a1878f38,9850588.0
20554,Medio Maratón,01675eec-4b8b-4b92-80b7-5e22a1878f38,9741055.0
20574,Medio Maratón,01675eec-4b8b-4b92-80b7-5e22a1878f38,9797118.0
20590,Medio Maratón,01675eec-4b8b-4b92-80b7-5e22a1878f38,9739124.0
20619,Medio Maratón,01675eec-4b8b-4b92-80b7-5e22a1878f38,9886173.0
20704,Medio Maratón,01675eec-4b8b-4b92-80b7-5e22a1878f38,10135395.0
20721,Medio Maratón,01675eec-4b8b-4b92-80b7-5e22a1878f38,9766470.0
20743,Medio Maratón,01675eec-4b8b-4b92-80b7-5e22a1878f38,9865675.0
20752,Medio Maratón,01675eec-4b8b-4b92-80b7-5e22a1878f38,9857410.0
20930,Medio Maratón,01675eec-4b8b-4b92-80b7-5e22a1878f38,10601615.0
20988,Medio Maratón,01675eec-4b8b-4b92-80b7-5e22a1878f38,11440034.0
21001,Medio Maratón,01675eec-4b8b-4b92-80b7-5e22a1878f38,10125520.0
21036,Medio Maratón,01675eec-4b8b-4b92-80b7-5e22a1878f38,9756874.0
21044,Medio Maratón,01675eec-4b8b-4b92-80b7-5e22a1878f38,9835512.0
21049,Medio Maratón,01675eec-4b8b-4b92-80b7-5e22a1878f38,10782697.0
21087,Medio Maratón,01675eec-4b8b-4b92-80b7-5e22a1878f38,10128530.0
21139,Medio Maratón,01675eec-4b8b-4b92-80b7-5e22a1878f38,10962854.0
21153,Medio Maratón,01675eec-4b8b-4b92-80b7-5e22a1878f38,10779802.0
21154,Medio Maratón,01675eec-4b8b-4b92-80b7-5e22a1878f38,10779652.0
21169,Medio Maratón,01675eec-4b8b-4b92-80b7-5e22a1878f38,9731051.0
21183,Medio Maratón,01675eec-4b8b-4b92-80b7-5e22a1878f38,10089035.0
21241,Medio Maratón,01675eec-4b8b-4b92-80b7-5e22a1878f38,11453267.0
21273,Medio Maratón,01675eec-4b8b-4b92-80b7-5e22a1878f38,10065476.0
21283,Medio Maratón,01675eec-4b8b-4b92-80b7-5e22a1878f38,10358409.0
21309,Medio Maratón,01675eec-4b8b-4b92-80b7-5e22a1878f38,10434013.0
21336,Medio Maratón,01675eec-4b8b-4b92-80b7-5e22a1878f38,10161810.0
21338,Medio Maratón,01675eec-4b8b-4b92-80b7-5e22a1878f38,10273183.0
21353,Medio Maratón,01675eec-4b8b-4b92-80b7-5e22a1878f38,9772060.0
21366,Medio Maratón,01675eec-4b8b-4b92-80b7-5e22a1878f38,9882947.0
21378,Medio Maratón,01675eec-4b8b-4b92-80b7-5e22a1878f38,10262136.0
21387,Medio Maratón,01675eec-4b8b-4b92-80b7-5e22a1878f38,9805173.0
21394,Medio Maratón,01675eec-4b8b-4b92-80b7-5e22a1878f38,9733955.0
21422,Medio Maratón,01675eec-4b8b-4b92-80b7-5e22a1878f38,11493205.0
21440,Medio Maratón,01675eec-4b8b-4b92-80b7-5e22a1878f38,9860150.0
21446,Medio Maratón,01675eec-4b8b-4b92-80b7-5e22a1878f38,10782353.0
21464,Medio Maratón,01675eec-4b8b-4b92-80b7-5e22a1878f38,10823826.0
21492,Medio Maratón,01675eec-4b8b-4b92-80b7-5e22a1878f38,9834668.0
21506,Medio Maratón,01675eec-4b8b-4b92-80b7-5e22a1878f38,10046901.0
21520,Medio Maratón,01675eec-4b8b-4b92-80b7-5e22a1878f38,9845070.0
21565,Medio Maratón,01675eec-4b8b-4b92-80b7-5e22a1878f38,10323478.0
21606,Medio Maratón,01675eec-4b8b-4b92-80b7-5e22a1878f38,10327706.0
21609,Medio Maratón,01675eec-4b8b-4b92-80b7-5e22a1878f38,9856158.0
21626,Medio Maratón,01675eec-4b8b-4b92-80b7-5e22a1878f38,10324461.0
21640,Medio Maratón,01675eec-4b8b-4b92-80b7-5e22a1878f38,9796256.0
21671,Medio Maratón,01675eec-4b8b-4b92-80b7-5e22a1878f38,10407919.0
21699,Medio Maratón,01675eec-4b8b-4b92-80b7-5e22a1878f38,9766354.0
21716,Medio Maratón,01675eec-4b8b-4b92-80b7-5e22a1878f38,10319611.0
21737,Medio Maratón,01675eec-4b8b-4b92-80b7-5e22a1878f38,10242658.0
21738,Medio Maratón,01675eec-4b8b-4b92-80b7-5e22a1878f38,10243855.0
21740,Medio Maratón,01675eec-4b8b-4b92-80b7-5e22a1878f38,10178473.0
21745,Medio Maratón,01675eec-4b8b-4b92-80b7-5e22a1878f38,9885958.0
21752,Medio Maratón,01675eec-4b8b-4b92-80b7-5e22a1878f38,10460273.0
21762,Medio Maratón,01675eec-4b8b-4b92-80b7-5e22a1878f38,10140521.0
21843,Medio Maratón,01675eec-4b8b-4b92-80b7-5e22a1878f38,10318275.0
21847,Medio Maratón,01675eec-4b8b-4b92-80b7-5e22a1878f38,10412354.0
21852,Medio Maratón,01675eec-4b8b-4b92-80b7-5e22a1878f38,10325116.0
21866,Medio Maratón,01675eec-4b8b-4b92-80b7-5e22a1878f38,10916928.0
21867,Medio Maratón,01675eec-4b8b-4b92-80b7-5e22a1878f38,10325880.0
21886,Medio Maratón,01675eec-4b8b-4b92-80b7-5e22a1878f38,10325264.0
21895,Medio Maratón,01675eec-4b8b-4b92-80b7-5e22a1878f38,9768664.0
21911,Medio Maratón,01675eec-4b8b-4b92-80b7-5e22a1878f38,10120733.0
21946,Medio Maratón,01675eec-4b8b-4b92-80b7-5e22a1878f38,10073141.0
21947,Medio Maratón,01675eec-4b8b-4b92-80b7-5e22a1878f38,9809628.0
21960,Medio Maratón,01675eec-4b8b-4b92-80b7-5e22a1878f38,9793793.0
21977,Medio Maratón,01675eec-4b8b-4b92-80b7-5e22a1878f38,10409684.0
22004,Medio Maratón,01675eec-4b8b-4b92-80b7-5e22a1878f38,10792263.0
22082,Medio Maratón,01675eec-4b8b-4b92-80b7-5e22a1878f38,10346941.0
22111,Medio Maratón,01675eec-4b8b-4b92-80b7-5e22a1878f38,11085905.0
22157,Medio Maratón,01675eec-4b8b-4b92-80b7-5e22a1878f38,10598742.0
22158,Medio Maratón,01675eec-4b8b-4b92-80b7-5e22a1878f38,10598527.0
22166,Medio Maratón,01675eec-4b8b-4b92-80b7-5e22a1878f38,10442241.0
22210,Medio Maratón,01675eec-4b8b-4b92-80b7-5e22a1878f38,10458045.0
22218,Medio Maratón,01675eec-4b8b-4b92-80b7-5e22a1878f38,10046500.0
22291,Medio Maratón,01675eec-4b8b-4b92-80b7-5e22a1878f38,9963840.0
22311,Medio Maratón,01675eec-4b8b-4b92-80b7-5e22a1878f38,10288231.0
22362,Medio Maratón,01675eec-4b8b-4b92-80b7-5e22a1878f38,10247446.0
22405,Medio Maratón,01675eec-4b8b-4b92-80b7-5e22a1878f38,10161508.0
22441,Medio Maratón,01675eec-4b8b-4b92-80b7-5e22a1878f38,10779770.0
22454,Medio Maratón,01675eec-4b8b-4b92-80b7-5e22a1878f38,10763125.0
22473,Medio Maratón,01675eec-4b8b-4b92-80b7-5e22a1878f38,9988376.0
22476,Medio Maratón,01675eec-4b8b-4b92-80b7-5e22a1878f38,10047237.0
22477,Medio Maratón,01675eec-4b8b-4b92-80b7-5e22a1878f38,10502016.0
22510,Medio Maratón,01675eec-4b8b-4b92-80b7-5e22a1878f38,10257710.0
22511,Medio Maratón,01675eec-4b8b-4b92-80b7-5e22a1878f38,10158429.0
22514,Medio Maratón,01675eec-4b8b-4b92-80b7-5e22a1878f38,9772920.0
22525,Medio Maratón,01675eec-4b8b-4b92-80b7-5e22a1878f38,10136330.0
22558,Medio Maratón,01675eec-4b8b-4b92-80b7-5e22a1878f38,9774537.0
22564,Medio Maratón,01675eec-4b8b-4b92-80b7-5e22a1878f38,10139766.0
22576,Medio Maratón,01675eec-4b8b-4b92-80b7-5e22a1878f38,10206976.0
22594,Medio Maratón,01675eec-4b8b-4b92-80b7-5e22a1878f38,10020014.0
22604,Medio Maratón,01675eec-4b8b-4b92-80b7-5e22a1878f38,10601856.0
22653,Medio Maratón,01675eec-4b8b-4b92-80b7-5e22a1878f38,9876663.0
22683,Medio Maratón,01675eec-4b8b-4b92-80b7-5e22a1878f38,10544810.0
22688,Medio Maratón,01675eec-4b8b-4b92-80b7-5e22a1878f38,9893555.0
22703,Medio Maratón,01675eec-4b8b-4b92-80b7-5e22a1878f38,11242262.0
22719,Medio Maratón,01675eec-4b8b-4b92-80b7-5e22a1878f38,11664622.0
22734,Medio Maratón,01675eec-4b8b-4b92-80b7-5e22a1878f38,10235359.0
22747,Medio Maratón,01675eec-4b8b-4b92-80b7-5e22a1878f38,10261752.0
22783,Medio Maratón,01675eec-4b8b-4b92-80b7-5e22a1878f38,11284874.0
22796,Medio Maratón,01675eec-4b8b-4b92-80b7-5e22a1878f38,10372690.0
22798,Medio Maratón,01675eec-4b8b-4b92-80b7-5e22a1878f38,9912888.0
22815,Medio Maratón,01675eec-4b8b-4b92-80b7-5e22a1878f38,10352921.0
22816,Medio Maratón,01675eec-4b8b-4b92-80b7-5e22a1878f38,10541987.0
22835,Medio Maratón,01675eec-4b8b-4b92-80b7-5e22a1878f38,9988125.0
22853,Medio Maratón,01675eec-4b8b-4b92-80b7-5e22a1878f38,9767844.0
22867,Medio Maratón,01675eec-4b8b-4b92-80b7-5e22a1878f38,9902586.0
22868,Medio Maratón,01675eec-4b8b-4b92-80b7-5e22a1878f38,11060427.0
22934,Medio Maratón,01675eec-4b8b-4b92-80b7-5e22a1878f38,10513056.0
23100,Medio Maratón,01675eec-4b8b-4b92-80b7-5e22a1878f38,9899315.0
23107,Medio Maratón,01675eec-4b8b-4b92-80b7-5e22a1878f38,10132734.0
23131,Medio Maratón,01675eec-4b8b-4b92-80b7-5e22a1878f38,10113486.0
23135,Medio Maratón,01675eec-4b8b-4b92-80b7-5e22a1878f38,10312013.0
23153,Medio Maratón,01675eec-4b8b-4b92-80b7-5e22a1878f38,9763198.0
23198,Medio Maratón,01675eec-4b8b-4b92-80b7-5e22a1878f38,10474582.0
23296,Medio Maratón,01675eec-4b8b-4b92-80b7-5e22a1878f38,9817339.0
23305,Medio Maratón,01675eec-4b8b-4b92-80b7-5e22a1878f38,9755741.0
23321,Medio Maratón,01675eec-4b8b-4b92-80b7-5e22a1878f38,11258668.0
23343,Medio Maratón,01675eec-4b8b-4b92-80b7-5e22a1878f38,10402785.0
23344,Medio Maratón,01675eec-4b8b-4b92-80b7-5e22a1878f38,10402301.0
23352,Medio Maratón,01675eec-4b8b-4b92-80b7-5e22a1878f38,10037633.0
23358,Medio Maratón,01675eec-4b8b-4b92-80b7-5e22a1878f38,10312219.0
23383,Medio Maratón,01675eec-4b8b-4b92-80b7-5e22a1878f38,9947726.0
23386,Medio Maratón,01675eec-4b8b-4b92-80b7-5e22a1878f38,9991310.0
23389,Medio Maratón,01675eec-4b8b-4b92-80b7-5e22a1878f38,10165623.0
23415,Medio Maratón,01675eec-4b8b-4b92-80b7-5e22a1878f38,9767682.0
23417,Medio Maratón,01675eec-4b8b-4b92-80b7-5e22a1878f38,9892443.0
23421,Medio Maratón,01675eec-4b8b-4b92-80b7-5e22a1878f38,9920811.0
23422,Medio Maratón,01675eec-4b8b-4b92-80b7-5e22a1878f38,10429942.0
23453,Medio Maratón,01675eec-4b8b-4b92-80b7-5e22a1878f38,11240996.0
23486,Medio Maratón,01675eec-4b8b-4b92-80b7-5e22a1878f38,10691487.0
23527,Medio Maratón,01675eec-4b8b-4b92-80b7-5e22a1878f38,10499382.0
23559,Medio Maratón,01675eec-4b8b-4b92-80b7-5e22a1878f38,10200480.0
23577,Medio Maratón,01675eec-4b8b-4b92-80b7-5e22a1878f38,9952825.0
23678,Medio Maratón,01675eec-4b8b-4b92-80b7-5e22a1878f38,9798972.0
23691,Medio Maratón,01675eec-4b8b-4b92-80b7-5e22a1878f38,11055266.0
23697,Medio Maratón,01675eec-4b8b-4b92-80b7-5e22a1878f38,9810718.0
23793,Medio Maratón,01675eec-4b8b-4b92-80b7-5e22a1878f38,9825495.0
23832,Medio Maratón,01675eec-4b8b-4b92-80b7-5e22a1878f38,10049350.0
23838,Medio Maratón,01675eec-4b8b-4b92-80b7-5e22a1878f38,9923938.0
23900,Medio Maratón,01675eec-4b8b-4b92-80b7-5e22a1878f38,11108005.0
23908,Medio Maratón,01675eec-4b8b-4b92-80b7-5e22a1878f38,10158675.0
23925,Medio Maratón,01675eec-4b8b-4b92-80b7-5e22a1878f38,10942246.0
23940,Medio Maratón,01675eec-4b8b-4b92-80b7-5e22a1878f38,10242306.0
23948,Medio Maratón,01675eec-4b8b-4b92-80b7-5e22a1878f38,10466938.0
23988,Medio Maratón,01675eec-4b8b-4b92-80b7-5e22a1878f38,11827742.0
23991,Medio Maratón,01675eec-4b8b-4b92-80b7-5e22a1878f38,10564164.0
24031,Medio Maratón,01675eec-4b8b-4b92-80b7-5e22a1878f38,10974951.0
24047,Medio Maratón,01675eec-4b8b-4b92-80b7-5e22a1878f38,9886949.0
24053,Medio Maratón,01675eec-4b8b-4b92-80b7-5e22a1878f38,9899008.0
24064,Medio Maratón,01675eec-4b8b-4b92-80b7-5e22a1878f38,10048568.0
24092,Medio Maratón,01675eec-4b8b-4b92-80b7-5e22a1878f38,9797848.0
24118,Medio Maratón,01675eec-4b8b-4b92-80b7-5e22a1878f38,10328711.0
24180,Medio Maratón,01675eec-4b8b-4b92-80b7-5e22a1878f38,9911678.0
24211,Medio Maratón,01675eec-4b8b-4b92-80b7-5e22a1878f38,9792185.0
24284,Medio Maratón,01675eec-4b8b-4b92-80b7-5e22a1878f38,10169471.0
24290,Medio Maratón,01675eec-4b8b-4b92-80b7-5e22a1878f38,9879443.0
24291,Medio Maratón,01675eec-4b8b-4b92-80b7-5e22a1878f38,9853184.0
24338,Medio Maratón,01675eec-4b8b-4b92-80b7-5e22a1878f38,10288276.0
24346,Medio Maratón,01675eec-4b8b-4b92-80b7-5e22a1878f38,10194631.0
24356,Medio Maratón,01675eec-4b8b-4b92-80b7-5e22a1878f38,9945470.0
24373,Medio Maratón,01675eec-4b8b-4b92-80b7-5e22a1878f38,9844084.0
24396,Medio Maratón,01675eec-4b8b-4b92-80b7-5e22a1878f38,10935557.0
24402,Medio Maratón,01675eec-4b8b-4b92-80b7-5e22a1878f38,10515491.0
24409,Medio Maratón,01675eec-4b8b-4b92-80b7-5e22a1878f38,10936068.0
24422,Medio Maratón,01675eec-4b8b-4b92-80b7-5e22a1878f38,10514810.0
24436,Medio Maratón,01675eec-4b8b-4b92-80b7-5e22a1878f38,10047737.0
24512,Medio Maratón,01675eec-4b8b-4b92-80b7-5e22a1878f38,10408061.0
24530,Medio Maratón,01675eec-4b8b-4b92-80b7-5e22a1878f38,10100008.0
24558,Medio Maratón,01675eec-4b8b-4b92-80b7-5e22a1878f38,10763373.0
24589,Medio Maratón,01675eec-4b8b-4b92-80b7-5e22a1878f38,9853899.0
24630,Medio Maratón,01675eec-4b8b-4b92-80b7-5e22a1878f38,9892152.0
24635,Medio Maratón,01675eec-4b8b-4b92-80b7-5e22a1878f38,10209341.0
24651,Medio Maratón,01675eec-4b8b-4b92-80b7-5e22a1878f38,10585126.0
24659,Medio Maratón,01675eec-4b8b-4b92-80b7-5e22a1878f38,10206479.0
24724,Medio Maratón,01675eec-4b8b-4b92-80b7-5e22a1878f38,10466780.0
24725,Medio Maratón,01675eec-4b8b-4b92-80b7-5e22a1878f38,9977542.0
24742,Medio Maratón,01675eec-4b8b-4b92-80b7-5e22a1878f38,10990550.0
24774,Medio Maratón,01675eec-4b8b-4b92-80b7-5e22a1878f38,10285231.0
24780,Medio Maratón,01675eec-4b8b-4b92-80b7-5e22a1878f38,10733055.0
24781,Medio Maratón,01675eec-4b8b-4b92-80b7-5e22a1878f38,9771833.0
24783,Medio Maratón,01675eec-4b8b-4b92-80b7-5e22a1878f38,10590704.0
24876,Medio Maratón,01675eec-4b8b-4b92-80b7-5e22a1878f38,10027214.0
24986,Medio Maratón,01675eec-4b8b-4b92-80b7-5e22a1878f38,9794319.0
25483,Medio Maratón,01675eec-4b8b-4b92-80b7-5e22a1878f38,9744140.0
25511,Medio Maratón,01675eec-4b8b-4b92-80b7-5e22a1878f38,10488074.0
25512,Medio Maratón,01675eec-4b8b-4b92-80b7-5e22a1878f38,10220670.0
F413251A,Marato,49603c2f-1b2b-457f-b82e-fed8bded1d3d,20747896.0
9C3A86D7,Marato,49603c2f-1b2b-457f-b82e-fed8bded1d3d,21348422.0
CD5589B3,Marato,49603c2f-1b2b-457f-b82e-fed8bded1d3d,21079301.0
527A7C6A,Marato,49603c2f-1b2b-457f-b82e-fed8bded1d3d,21657223.0
B9C44891,Marato,49603c2f-1b2b-457f-b82e-fed8bded1d3d,20475488.0
D48B9B97,Marato,49603c2f-1b2b-457f-b82e-fed8bded1d3d,7294993.0
1D52B7BC,Marato,49603c2f-1b2b-457f-b82e-fed8bded1d3d,20986599.0
BY5ZYA54,Marato,49603c2f-1b2b-457f-b82e-fed8bded1d3d,20986530.0
BYY3Z8AC,Marato,49603c2f-1b2b-457f-b82e-fed8bded1d3d,20824666.0
71DCBC99,Marato,49603c2f-1b2b-457f-b82e-fed8bded1d3d,20912166.0
37C59Z72,Marato,49603c2f-1b2b-457f-b82e-fed8bded1d3d,20717112.0
822A1F47,Marato,49603c2f-1b2b-457f-b82e-fed8bded1d3d,20602258.0
62A5D7F1,Marato,49603c2f-1b2b-457f-b82e-fed8bded1d3d,21251879.0
Z878Y819,Marato,49603c2f-1b2b-457f-b82e-fed8bded1d3d,21585602.0
8525AD96,Marato,49603c2f-1b2b-457f-b82e-fed8bded1d3d,20990719.0
A3114D56,Marato,49603c2f-1b2b-457f-b82e-fed8bded1d3d,21570305.0
8DCA713Y,Marato,49603c2f-1b2b-457f-b82e-fed8bded1d3d,21058346.0
8B58F8BA,Marato,49603c2f-1b2b-457f-b82e-fed8bded1d3d,21582364.0
Y37Y784D,Marato,49603c2f-1b2b-457f-b82e-fed8bded1d3d,21624075.0
44ZF8145,Marato,49603c2f-1b2b-457f-b82e-fed8bded1d3d,20683060.0
AB4Z3DZY,Marato,49603c2f-1b2b-457f-b82e-fed8bded1d3d,20792604.0
A2Y912ZY,Marato,49603c2f-1b2b-457f-b82e-fed8bded1d3d,20944807.0
FZC62Y86,Marato,49603c2f-1b2b-457f-b82e-fed8bded1d3d,20704926.0
L37492D3,Marato,49603c2f-1b2b-457f-b82e-fed8bded1d3d,21733352.0
B8B4Z1B1,Marato,49603c2f-1b2b-457f-b82e-fed8bded1d3d,20948717.0
B6Y3Y531,Marato,49603c2f-1b2b-457f-b82e-fed8bded1d3d,20496730.0
Z3BZ4634,Marato,49603c2f-1b2b-457f-b82e-fed8bded1d3d,20721048.0
ZB1F2D58,Marato,49603c2f-1b2b-457f-b82e-fed8bded1d3d,21033221.0
293BC5A6,Marato,49603c2f-1b2b-457f-b82e-fed8bded1d3d,20786501.0
Y7F8F2CA,Marato,49603c2f-1b2b-457f-b82e-fed8bded1d3d,20754689.0
7F1Y58D5,Marato,49603c2f-1b2b-457f-b82e-fed8bded1d3d,21606169.0
AAYB2F2Y,Marato,49603c2f-1b2b-457f-b82e-fed8bded1d3d,20967576.0
89AZD468,Marato,49603c2f-1b2b-457f-b82e-fed8bded1d3d,21035372.0
F1B3C36B,Marato,49603c2f-1b2b-457f-b82e-fed8bded1d3d,20510110.0
FDCZ4F59,Marato,49603c2f-1b2b-457f-b82e-fed8bded1d3d,21414828.0
Y6711A28,Marato,49603c2f-1b2b-457f-b82e-fed8bded1d3d,20394136.0
7ZAF7BY1,Marato,49603c2f-1b2b-457f-b82e-fed8bded1d3d,20830241.0
5Z49Y8DY,Marato,49603c2f-1b2b-457f-b82e-fed8bded1d3d,20566621.0
553D3833,Marato,49603c2f-1b2b-457f-b82e-fed8bded1d3d,21416259.0
D49BFY97,Marato,49603c2f-1b2b-457f-b82e-fed8bded1d3d,21019367.0
C72Z7FCB,Marato,49603c2f-1b2b-457f-b82e-fed8bded1d3d,20958171.0
4B2F5AF4,Marato,49603c2f-1b2b-457f-b82e-fed8bded1d3d,21109867.0
918YB283,Marato,49603c2f-1b2b-457f-b82e-fed8bded1d3d,20497045.0
2CYB4F8C,Marato,49603c2f-1b2b-457f-b82e-fed8bded1d3d,21773118.0
Y7BAFC92,Marato,49603c2f-1b2b-457f-b82e-fed8bded1d3d,20366768.0
56Y27538,Marato,49603c2f-1b2b-457f-b82e-fed8bded1d3d,21693436.0
7341A462,Marato,49603c2f-1b2b-457f-b82e-fed8bded1d3d,21224955.0
ZFF7ZY4F,Marato,49603c2f-1b2b-457f-b82e-fed8bded1d3d,20815123.0
6554BBAF,Marato,49603c2f-1b2b-457f-b82e-fed8bded1d3d,20687517.0
6F818629,Marato,49603c2f-1b2b-457f-b82e-fed8bded1d3d,21023900.0
BA68693Z,Marato,49603c2f-1b2b-457f-b82e-fed8bded1d3d,20776660.0
CBBZ9265,Marato,49603c2f-1b2b-457f-b82e-fed8bded1d3d,20614559.0
21523B13,Marato,49603c2f-1b2b-457f-b82e-fed8bded1d3d,22266075.0
FB9D4FDY,Marato,49603c2f-1b2b-457f-b82e-fed8bded1d3d,20811643.0
19F19C54,Marato,49603c2f-1b2b-457f-b82e-fed8bded1d3d,21164630.0
CD4C63Z6,Marato,49603c2f-1b2b-457f-b82e-fed8bded1d3d,21571880.0
1FC1DDD7,Marato,49603c2f-1b2b-457f-b82e-fed8bded1d3d,21934648.0
679B9A19,Marato,49603c2f-1b2b-457f-b82e-fed8bded1d3d,20503021.0
F1A234YC,Marato,49603c2f-1b2b-457f-b82e-fed8bded1d3d,21850280.0
19471CYD,Marato,49603c2f-1b2b-457f-b82e-fed8bded1d3d,20474396.0
7B6ZYCZC,Marato,49603c2f-1b2b-457f-b82e-fed8bded1d3d,20414827.0
1YDDD11F,Marato,49603c2f-1b2b-457f-b82e-fed8bded1d3d,21499064.0
CA36C3ZY,Marato,49603c2f-1b2b-457f-b82e-fed8bded1d3d,21058292.0
129YB3Y7,Marato,49603c2f-1b2b-457f-b82e-fed8bded1d3d,20597050.0
df4f66c7-c326-529f-81ee-a23c33b4d5f6,Marato,49603c2f-1b2b-457f-b82e-fed8bded1d3d,20963056.0
YC8Z7ZAC,Marato,49603c2f-1b2b-457f-b82e-fed8bded1d3d,21973567.0
22Y3A78Z,Marato,49603c2f-1b2b-457f-b82e-fed8bded1d3d,22003741.0
BZ31YZ7Z,Marato,49603c2f-1b2b-457f-b82e-fed8bded1d3d,21338478.0
6933C912,Marato,49603c2f-1b2b-457f-b82e-fed8bded1d3d,20596821.0
BCF3ZC1A,Marato,49603c2f-1b2b-457f-b82e-fed8bded1d3d,21274057.0
C47964DF,Marato,49603c2f-1b2b-457f-b82e-fed8bded1d3d,20575697.0
FF57Z375,Marato,49603c2f-1b2b-457f-b82e-fed8bded1d3d,20655252.0
F4A7736F,Marato,49603c2f-1b2b-457f-b82e-fed8bded1d3d,22204477.0
AA3ZAB7Z,Marato,49603c2f-1b2b-457f-b82e-fed8bded1d3d,20690387.0
653F76CC,Marato,49603c2f-1b2b-457f-b82e-fed8bded1d3d,20811157.0
C19YF462,Marato,49603c2f-1b2b-457f-b82e-fed8bded1d3d,20593723.0
CZ7D145B,Marato,49603c2f-1b2b-457f-b82e-fed8bded1d3d,20768528.0
C41D7ZZA,Marato,49603c2f-1b2b-457f-b82e-fed8bded1d3d,20612293.0
1BCY744Z,Marato,49603c2f-1b2b-457f-b82e-fed8bded1d3d,21228138.0
6D924BF7,Marato,49603c2f-1b2b-457f-b82e-fed8bded1d3d,20830813.0
Y6754FYC,Marato,49603c2f-1b2b-457f-b82e-fed8bded1d3d,21118255.0
5FY49F58,Marato,49603c2f-1b2b-457f-b82e-fed8bded1d3d,20511483.0
8665A5BC,Marato,49603c2f-1b2b-457f-b82e-fed8bded1d3d,21534121.0
Y99Z83D8,Marato,49603c2f-1b2b-457f-b82e-fed8bded1d3d,23356993.0
1129D2F9,Marato,49603c2f-1b2b-457f-b82e-fed8bded1d3d,20954397.0
F4D24811,Marato,49603c2f-1b2b-457f-b82e-fed8bded1d3d,21827220.0
4Y98A73C,Marato,49603c2f-1b2b-457f-b82e-fed8bded1d3d,20439414.0
FA7CAD49,Marato,49603c2f-1b2b-457f-b82e-fed8bded1d3d,20495667.0
D9AY2737,Marato,49603c2f-1b2b-457f-b82e-fed8bded1d3d,21354372.0
12A1D3YZ,Marato,49603c2f-1b2b-457f-b82e-fed8bded1d3d,20806989.0
DBBZD29C,Marato,49603c2f-1b2b-457f-b82e-fed8bded1d3d,21508205.0
ZFB298C6,Marato,49603c2f-1b2b-457f-b82e-fed8bded1d3d,20829479.0
Y4Z6A9Y8,Marato,49603c2f-1b2b-457f-b82e-fed8bded1d3d,20442445.0
55Z85178,Marato,49603c2f-1b2b-457f-b82e-fed8bded1d3d,21758010.0
B2298YC3,Marato,49603c2f-1b2b-457f-b82e-fed8bded1d3d,20776916.0
616A3812,Marato,49603c2f-1b2b-457f-b82e-fed8bded1d3d,20611912.0
28CB7A72,Marato,49603c2f-1b2b-457f-b82e-fed8bded1d3d,20518091.0
A8DC3BZY,Marato,49603c2f-1b2b-457f-b82e-fed8bded1d3d,20847925.0
5764AAZ9,Marato,49603c2f-1b2b-457f-b82e-fed8bded1d3d,22716316.0
6D217869,Marato,49603c2f-1b2b-457f-b82e-fed8bded1d3d,21146481.0
D8AZCYA7,Marato,49603c2f-1b2b-457f-b82e-fed8bded1d3d,20778470.0
L33554D3,Marato,49603c2f-1b2b-457f-b82e-fed8bded1d3d,21327279.0
467FBDB3,Marato,49603c2f-1b2b-457f-b82e-fed8bded1d3d,22263257.0
FCY2284D,Marato,49603c2f-1b2b-457f-b82e-fed8bded1d3d,21130421.0
22A497C7,Marato,49603c2f-1b2b-457f-b82e-fed8bded1d3d,24001889.0
5A5Z6225,Marato,49603c2f-1b2b-457f-b82e-fed8bded1d3d,22030825.0
633B5C51,Marato,49603c2f-1b2b-457f-b82e-fed8bded1d3d,21436334.0
CZF3491D,Marato,49603c2f-1b2b-457f-b82e-fed8bded1d3d,21324213.0
CF745AYY,Marato,49603c2f-1b2b-457f-b82e-fed8bded1d3d,20629749.0
336Y751A,Marato,49603c2f-1b2b-457f-b82e-fed8bded1d3d,20393316.0
71YCY3Z1,Marato,49603c2f-1b2b-457f-b82e-fed8bded1d3d,20348714.0
ZB6YYC1D,Marato,49603c2f-1b2b-457f-b82e-fed8bded1d3d,21758035.0
4F56A199,Marato,49603c2f-1b2b-457f-b82e-fed8bded1d3d,21391142.0
F6631C2A,Marato,49603c2f-1b2b-457f-b82e-fed8bded1d3d,20626216.0
6D7262BA,Marato,49603c2f-1b2b-457f-b82e-fed8bded1d3d,21856197.0
4B79AY8Y,Marato,49603c2f-1b2b-457f-b82e-fed8bded1d3d,23289358.0
1464D579,Marato,49603c2f-1b2b-457f-b82e-fed8bded1d3d,21147341.0
A4A7Z85B,Marato,49603c2f-1b2b-457f-b82e-fed8bded1d3d,21372029.0
3B33CY64,Marato,49603c2f-1b2b-457f-b82e-fed8bded1d3d,20599764.0
18a824f4-c99e-5979-9dc7-85b646108465,Marato,49603c2f-1b2b-457f-b82e-fed8bded1d3d,7453938.0
67Z7B58C,Marato,49603c2f-1b2b-457f-b82e-fed8bded1d3d,20943270.0
83D3AC18,Marato,49603c2f-1b2b-457f-b82e-fed8bded1d3d,21974247.0
D4D873C2,Marato,49603c2f-1b2b-457f-b82e-fed8bded1d3d,22102966.0
129Y73DZ,Marato,49603c2f-1b2b-457f-b82e-fed8bded1d3d,20992538.0
53294DYB,Marato,49603c2f-1b2b-457f-b82e-fed8bded1d3d,21278706.0
Y99158ZF,Marato,49603c2f-1b2b-457f-b82e-fed8bded1d3d,24110202.0
1365573F,Marato,49603c2f-1b2b-457f-b82e-fed8bded1d3d,20999231.0
33DAZ52D,Marato,49603c2f-1b2b-457f-b82e-fed8bded1d3d,20852198.0
724F5YA5,Marato,49603c2f-1b2b-457f-b82e-fed8bded1d3d,21160491.0
D9982ZDA,Marato,49603c2f-1b2b-457f-b82e-fed8bded1d3d,21443758.0
DC45F5ZF,Marato,49603c2f-1b2b-457f-b82e-fed8bded1d3d,20820666.0
F52934DB,Marato,49603c2f-1b2b-457f-b82e-fed8bded1d3d,20782765.0
DF442D5C,Marato,49603c2f-1b2b-457f-b82e-fed8bded1d3d,20419465.0
Y6B72186,Marato,49603c2f-1b2b-457f-b82e-fed8bded1d3d,21659546.0
3919CZDC,Marato,49603c2f-1b2b-457f-b82e-fed8bded1d3d,21062980.0
54C24Z86,Marato,49603c2f-1b2b-457f-b82e-fed8bded1d3d,21733941.0
6Z85F55B,Marato,49603c2f-1b2b-457f-b82e-fed8bded1d3d,21122525.0
9B8CD7ZB,Marato,49603c2f-1b2b-457f-b82e-fed8bded1d3d,20839484.0
AB2YFYFZ,Marato,49603c2f-1b2b-457f-b82e-fed8bded1d3d,21454980.0
34379BF1,Marato,49603c2f-1b2b-457f-b82e-fed8bded1d3d,21593289.0
f1833636-619b-540e-bdc6-ef3d9e53564f,Marato,49603c2f-1b2b-457f-b82e-fed8bded1d3d,20333536.0
9B61D276,Marato,49603c2f-1b2b-457f-b82e-fed8bded1d3d,20797428.0
518A5B9F,Marato,49603c2f-1b2b-457f-b82e-fed8bded1d3d,20962696.0
2248BYDD,Marato,49603c2f-1b2b-457f-b82e-fed8bded1d3d,22350642.0
9BAZY5CZ,Marato,49603c2f-1b2b-457f-b82e-fed8bded1d3d,20788508.0
5YC9712F,Marato,49603c2f-1b2b-457f-b82e-fed8bded1d3d,21709537.0
C7YZ4F28,Marato,49603c2f-1b2b-457f-b82e-fed8bded1d3d,21764216.0
a586ea7e-a8c9-5a28-85b4-a8b4fc1971b4,Marato,49603c2f-1b2b-457f-b82e-fed8bded1d3d,21880305.0
12B92298,Marato,49603c2f-1b2b-457f-b82e-fed8bded1d3d,21772166.0
137D8B72,Marato,49603c2f-1b2b-457f-b82e-fed8bded1d3d,20804045.0
3F351BYD,Marato,49603c2f-1b2b-457f-b82e-fed8bded1d3d,21293813.0
2F37Z8CB,Marato,49603c2f-1b2b-457f-b82e-fed8bded1d3d,20807030.0
6A25292F,Marato,49603c2f-1b2b-457f-b82e-fed8bded1d3d,20838603.0
4YFY2553,Marato,49603c2f-1b2b-457f-b82e-fed8bded1d3d,21360523.0
364ACA5F,Marato,49603c2f-1b2b-457f-b82e-fed8bded1d3d,21497564.0
B79F45Y9,Marato,49603c2f-1b2b-457f-b82e-fed8bded1d3d,21348588.0
233YF5F2,Marato,49603c2f-1b2b-457f-b82e-fed8bded1d3d,20393825.0
8YF6F149,Marato,49603c2f-1b2b-457f-b82e-fed8bded1d3d,20837906.0
C391D6ZY,Marato,49603c2f-1b2b-457f-b82e-fed8bded1d3d,21164966.0
AD3593FZ,Marato,49603c2f-1b2b-457f-b82e-fed8bded1d3d,22132319.0
C848F34A,Marato,49603c2f-1b2b-457f-b82e-fed8bded1d3d,22217298.0
265YB778,Marato,49603c2f-1b2b-457f-b82e-fed8bded1d3d,21429850.0
F512C1AF,Marato,49603c2f-1b2b-457f-b82e-fed8bded1d3d,20934007.0
F5CAC649,Marato,49603c2f-1b2b-457f-b82e-fed8bded1d3d,21455091.0
YA84A526,Marato,49603c2f-1b2b-457f-b82e-fed8bded1d3d,22881982.0
B6259946,Marato,49603c2f-1b2b-457f-b82e-fed8bded1d3d,20590330.0
FF9FAF12,Marato,49603c2f-1b2b-457f-b82e-fed8bded1d3d,20630072.0
DY4561ZB,Marato,49603c2f-1b2b-457f-b82e-fed8bded1d3d,20835706.0
489AFD1Z,Marato,49603c2f-1b2b-457f-b82e-fed8bded1d3d,21813216.0
6Z34A94Z,Marato,49603c2f-1b2b-457f-b82e-fed8bded1d3d,20727098.0
7ZAD1Z6Y,Marato,49603c2f-1b2b-457f-b82e-fed8bded1d3d,20688119.0
01eca658-9206-509d-b977-10aa8c33dcb9,Marato,49603c2f-1b2b-457f-b82e-fed8bded1d3d,20962496.0
C958F277,Marato,49603c2f-1b2b-457f-b82e-fed8bded1d3d,20513411.0
F2C44117,Marato,49603c2f-1b2b-457f-b82e-fed8bded1d3d,21436892.0
8DZC456C,Marato,49603c2f-1b2b-457f-b82e-fed8bded1d3d,20841281.0
7YD8Z344,Marato,49603c2f-1b2b-457f-b82e-fed8bded1d3d,20543359.0
FDCCA14F,Marato,49603c2f-1b2b-457f-b82e-fed8bded1d3d,20820575.0
DCYFCF8B,Marato,49603c2f-1b2b-457f-b82e-fed8bded1d3d,20481505.0
CC213258,Marato,49603c2f-1b2b-457f-b82e-fed8bded1d3d,20522794.0
3A63DD78,Marato,49603c2f-1b2b-457f-b82e-fed8bded1d3d,21046314.0
3Y5DD486,Marato,49603c2f-1b2b-457f-b82e-fed8bded1d3d,21627622.0
BA2CBB5Z,Marato,49603c2f-1b2b-457f-b82e-fed8bded1d3d,20815503.0
YA91964F,Marato,49603c2f-1b2b-457f-b82e-fed8bded1d3d,20963809.0
67FF7YZ6,Marato,49603c2f-1b2b-457f-b82e-fed8bded1d3d,20953105.0
4BF88ZZZ,Marato,49603c2f-1b2b-457f-b82e-fed8bded1d3d,20883945.0
3A65D115,Marato,49603c2f-1b2b-457f-b82e-fed8bded1d3d,21597497.0
FF4564D2,Marato,49603c2f-1b2b-457f-b82e-fed8bded1d3d,20362691.0
ZC433469,Marato,49603c2f-1b2b-457f-b82e-fed8bded1d3d,21327560.0
6BZ96B22,Marato,49603c2f-1b2b-457f-b82e-fed8bded1d3d,20422642.0
BF49F57Z,Marato,49603c2f-1b2b-457f-b82e-fed8bded1d3d,20450352.0
763YBAZC,Marato,49603c2f-1b2b-457f-b82e-fed8bded1d3d,20600023.0
C3DB562C,Marato,49603c2f-1b2b-457f-b82e-fed8bded1d3d,21502695.0
6BBD4896,Marato,49603c2f-1b2b-457f-b82e-fed8bded1d3d,20809178.0
877Z6668,Marato,49603c2f-1b2b-457f-b82e-fed8bded1d3d,20813597.0
FBC76CBA,Marato,49603c2f-1b2b-457f-b82e-fed8bded1d3d,20434890.0
DC4DY796,Marato,49603c2f-1b2b-457f-b82e-fed8bded1d3d,21645785.0
BF3A7F75,Marato,49603c2f-1b2b-457f-b82e-fed8bded1d3d,20486028.0
CBZ5Z383,Marato,49603c2f-1b2b-457f-b82e-fed8bded1d3d,21583485.0
2134376D,Marato,49603c2f-1b2b-457f-b82e-fed8bded1d3d,21483348.0
3186F6C5,Marato,49603c2f-1b2b-457f-b82e-fed8bded1d3d,20511483.0
9A459Z23,Marato,49603c2f-1b2b-457f-b82e-fed8bded1d3d,20462107.0
YF69BZ57,Marato,49603c2f-1b2b-457f-b82e-fed8bded1d3d,21533698.0
Y77B893F,Marato,49603c2f-1b2b-457f-b82e-fed8bded1d3d,20820835.0
64AAA6ZD,Marato,49603c2f-1b2b-457f-b82e-fed8bded1d3d,22803257.0
Z95B6F54,Marato,49603c2f-1b2b-457f-b82e-fed8bded1d3d,20465443.0
857BYA4C,Marato,49603c2f-1b2b-457f-b82e-fed8bded1d3d,20943207.0
Y4Y19CB7,Marato,49603c2f-1b2b-457f-b82e-fed8bded1d3d,20814741.0
994976Z6,Marato,49603c2f-1b2b-457f-b82e-fed8bded1d3d,20843588.0
13137YZ8,Marato,49603c2f-1b2b-457f-b82e-fed8bded1d3d,21299713.0
2244BZ14,Marato,49603c2f-1b2b-457f-b82e-fed8bded1d3d,20562399.0
52ZZ3AAD,Marato,49603c2f-1b2b-457f-b82e-fed8bded1d3d,20852038.0
54F61D41,Marato,49603c2f-1b2b-457f-b82e-fed8bded1d3d,20349853.0
449592ZD,Marato,49603c2f-1b2b-457f-b82e-fed8bded1d3d,21108128.0
D83D5CB8,Marato,49603c2f-1b2b-457f-b82e-fed8bded1d3d,20945652.0
ZD48A3ZA,Marato,49603c2f-1b2b-457f-b82e-fed8bded1d3d,21701091.0
d05fb3af-635c-5f61-8a45-39c2db1ef711,Marato,49603c2f-1b2b-457f-b82e-fed8bded1d3d,7520748.0
223C21Z3,Marato,49603c2f-1b2b-457f-b82e-fed8bded1d3d,21577464.0
F5CZ7A19,Marato,49603c2f-1b2b-457f-b82e-fed8bded1d3d,22672114.0
YYD6A6CZ,Marato,49603c2f-1b2b-457f-b82e-fed8bded1d3d,21194948.0
8143YYF3,Marato,49603c2f-1b2b-457f-b82e-fed8bded1d3d,20808311.0
D9DDD477,Marato,49603c2f-1b2b-457f-b82e-fed8bded1d3d,20607311.0
Y81Y3534,Marato,49603c2f-1b2b-457f-b82e-fed8bded1d3d,20815180.0
D5ABCA77,Marato,49603c2f-1b2b-457f-b82e-fed8bded1d3d,20470564.0
L74539D8,Marato,49603c2f-1b2b-457f-b82e-fed8bded1d3d,20544814.0
887B9F33,Marato,49603c2f-1b2b-457f-b82e-fed8bded1d3d,22616703.0
769FAF62,Marato,49603c2f-1b2b-457f-b82e-fed8bded1d3d,21520447.0
BC34Z643,Marato,49603c2f-1b2b-457f-b82e-fed8bded1d3d,21150449.0
CFFA7ZDD,Marato,49603c2f-1b2b-457f-b82e-fed8bded1d3d,20840999.0
BFF8568C,Marato,49603c2f-1b2b-457f-b82e-fed8bded1d3d,20777062.0
289ZF8B2,Marato,49603c2f-1b2b-457f-b82e-fed8bded1d3d,20909910.0
7e85f9c9-5aad-5da3-9bc2-f4673084cebe,Marato,49603c2f-1b2b-457f-b82e-fed8bded1d3d,20789991.0
9YC9FYBC,Marato,49603c2f-1b2b-457f-b82e-fed8bded1d3d,21222118.0
Z2721F8Y,Marato,49603c2f-1b2b-457f-b82e-fed8bded1d3d,20803619.0
F7345ZD6,Marato,49603c2f-1b2b-457f-b82e-fed8bded1d3d,22246339.0
7FZB57CD,Marato,49603c2f-1b2b-457f-b82e-fed8bded1d3d,21726765.0
3AC24YAY,Marato,49603c2f-1b2b-457f-b82e-fed8bded1d3d,21143849.0
BZ5CF592,Marato,49603c2f-1b2b-457f-b82e-fed8bded1d3d,20442144.0
93Y9ZC9C,Marato,49603c2f-1b2b-457f-b82e-fed8bded1d3d,20372383.0
BA842B35,Marato,49603c2f-1b2b-457f-b82e-fed8bded1d3d,20626618.0
C7ZCZ8C6,Marato,49603c2f-1b2b-457f-b82e-fed8bded1d3d,20550665.0
YZ4Y3ZBA,Marato,49603c2f-1b2b-457f-b82e-fed8bded1d3d,20647207.0
91CFAB7A,Marato,49603c2f-1b2b-457f-b82e-fed8bded1d3d,20705053.0
5Z32D977,Marato,49603c2f-1b2b-457f-b82e-fed8bded1d3d,21016752.0
YB8ZB8ZY,Marato,49603c2f-1b2b-457f-b82e-fed8bded1d3d,21982775.0
ZFD924BD,Marato,49603c2f-1b2b-457f-b82e-fed8bded1d3d,21446272.0
67CB19C6,Marato,49603c2f-1b2b-457f-b82e-fed8bded1d3d,20817713.0
AY3659A2,Marato,49603c2f-1b2b-457f-b82e-fed8bded1d3d,21357098.0
3ZAF1BZD,Marato,49603c2f-1b2b-457f-b82e-fed8bded1d3d,22561722.0
31C963AF,Marato,49603c2f-1b2b-457f-b82e-fed8bded1d3d,22265294.0
1D49799F,Marato,49603c2f-1b2b-457f-b82e-fed8bded1d3d,22472810.0
1D8965C2,Marato,49603c2f-1b2b-457f-b82e-fed8bded1d3d,21601567.0
3918YC6F,Marato,49603c2f-1b2b-457f-b82e-fed8bded1d3d,20409572.0
29F219CZ,Marato,49603c2f-1b2b-457f-b82e-fed8bded1d3d,20348552.0
25A75B23,Marato,49603c2f-1b2b-457f-b82e-fed8bded1d3d,20876099.0
6181685Z,Marato,49603c2f-1b2b-457f-b82e-fed8bded1d3d,20968455.0
C92FYY21,Marato,49603c2f-1b2b-457f-b82e-fed8bded1d3d,20986307.0
8B6BZD35,Marato,49603c2f-1b2b-457f-b82e-fed8bded1d3d,20544673.0
3CB6F4FD,Marato,49603c2f-1b2b-457f-b82e-fed8bded1d3d,21463061.0
F1C63CZC,Marato,49603c2f-1b2b-457f-b82e-fed8bded1d3d,20365328.0
6Z7B6533,Marato,49603c2f-1b2b-457f-b82e-fed8bded1d3d,21362047.0
Z95F326F,Marato,49603c2f-1b2b-457f-b82e-fed8bded1d3d,20626830.0
C178899Y,Marato,49603c2f-1b2b-457f-b82e-fed8bded1d3d,21934323.0
D8889668,Marato,49603c2f-1b2b-457f-b82e-fed8bded1d3d,21789537.0
282C6F8A,Marato,49603c2f-1b2b-457f-b82e-fed8bded1d3d,20465002.0
AZ4BY6Z7,Marato,49603c2f-1b2b-457f-b82e-fed8bded1d3d,21354155.0
6C481CCD,Marato,49603c2f-1b2b-457f-b82e-fed8bded1d3d,20825006.0
15BZYZY1,Marato,49603c2f-1b2b-457f-b82e-fed8bded1d3d,21730918.0
A17Z1ZD4,Marato,49603c2f-1b2b-457f-b82e-fed8bded1d3d,21194253.0
326CBYYA,Marato,49603c2f-1b2b-457f-b82e-fed8bded1d3d,20974796.0
Z7A956Y5,Marato,49603c2f-1b2b-457f-b82e-fed8bded1d3d,20457164.0
CDAY8F84,Marato,49603c2f-1b2b-457f-b82e-fed8bded1d3d,20863976.0
ZF9AY4C3,Marato,49603c2f-1b2b-457f-b82e-fed8bded1d3d,20521011.0
2bf81c65-622b-5621-9766-7150cbac7f27,Marato,49603c2f-1b2b-457f-b82e-fed8bded1d3d,7494968.0
94B2BY93,Marato,49603c2f-1b2b-457f-b82e-fed8bded1d3d,20917260.0
ZZ31169A,Marato,49603c2f-1b2b-457f-b82e-fed8bded1d3d,21027186.0
3A4DB36Y,Marato,49603c2f-1b2b-457f-b82e-fed8bded1d3d,21024808.0
B86C7YZ4,Marato,49603c2f-1b2b-457f-b82e-fed8bded1d3d,20831431.0
2BZZ219A,Marato,49603c2f-1b2b-457f-b82e-fed8bded1d3d,20643684.0
ABDCB5C3,Marato,49603c2f-1b2b-457f-b82e-fed8bded1d3d,21912666.0
ZC766Y78,Marato,49603c2f-1b2b-457f-b82e-fed8bded1d3d,21343685.0
Y63D9A72,Marato,49603c2f-1b2b-457f-b82e-fed8bded1d3d,20811183.0
668B7B7D,Marato,49603c2f-1b2b-457f-b82e-fed8bded1d3d,20599768.0
88BB6D14,Marato,49603c2f-1b2b-457f-b82e-fed8bded1d3d,20838082.0
F8ABA28Z,Marato,49603c2f-1b2b-457f-b82e-fed8bded1d3d,20366869.0
YCDB554Z,Marato,49603c2f-1b2b-457f-b82e-fed8bded1d3d,20426375.0
861D396F,Marato,49603c2f-1b2b-457f-b82e-fed8bded1d3d,20816518.0
7CD41CZ9,Marato,49603c2f-1b2b-457f-b82e-fed8bded1d3d,20891077.0
4223896e-afbc-5a37-8ae5-624bdd24d9ed,Stage 2,78a14be0-36cc-4ce4-bb5a-b81744a7390e,21459468.0
15dde7fc-54de-5aa0-8a4e-464aea30342d,Stage 2,78a14be0-36cc-4ce4-bb5a-b81744a7390e,22542334.0
2f96ded9-1db9-55dd-ad34-45039f6302d0,Stage 2,78a14be0-36cc-4ce4-bb5a-b81744a7390e,23262349.0
5dfb0ad8-6857-5875-b4db-e67220e006bf,Stage 2,78a14be0-36cc-4ce4-bb5a-b81744a7390e,19570313.0
3304619f-941a-58cb-8d8f-ed03b6665ae7,Stage 2,78a14be0-36cc-4ce4-bb5a-b81744a7390e,19569452.0
01f3ab93-17f9-5414-9023-93832a5e40f9,Stage 2,78a14be0-36cc-4ce4-bb5a-b81744a7390e,19571308.0
23e386ac-b354-5d95-8a18-67cd7cd83148,Stage 2,78a14be0-36cc-4ce4-bb5a-b81744a7390e,21457755.0
69eeb692-8c4c-5d96-90e1-910d66e7e8b2,Stage 2,78a14be0-36cc-4ce4-bb5a-b81744a7390e,21457622.0
a5dc12b3-8827-5cca-bbfa-e68325c2c949,Stage 2,78a14be0-36cc-4ce4-bb5a-b81744a7390e,19574394.0
f060d17b-a047-58b8-96f0-f6961c6c15a9,Stage 2,78a14be0-36cc-4ce4-bb5a-b81744a7390e,18756752.0
c5033044-4839-5874-8456-ef5ee0b2c4bd,Stage 2,78a14be0-36cc-4ce4-bb5a-b81744a7390e,22543862.0
ed3c0f57-5bc7-5670-8de2-a5a9456c534a,Stage 3,78a14be0-36cc-4ce4-bb5a-b81744a7390e,29003897.0
f22f2e83-8a10-5203-a583-966725d5e7e1,Stage 3,78a14be0-36cc-4ce4-bb5a-b81744a7390e,28830588.0
23e386ac-b354-5d95-8a18-67cd7cd83148,Stage 3,78a14be0-36cc-4ce4-bb5a-b81744a7390e,30449670.0
69eeb692-8c4c-5d96-90e1-910d66e7e8b2,Stage 3,78a14be0-36cc-4ce4-bb5a-b81744a7390e,29000141.0
c5033044-4839-5874-8456-ef5ee0b2c4bd,Stage 3,78a14be0-36cc-4ce4-bb5a-b81744a7390e,35856864.0
32c70449-f036-5c7d-b886-c62e889004c9,Stage 3,78a14be0-36cc-4ce4-bb5a-b81744a7390e,29477811.0
7b167227-8f2b-5f8c-8d1b-6202a946d7bf,Stage 4,78a14be0-36cc-4ce4-bb5a-b81744a7390e,50665971.0
f4245c5a-8811-51c0-b718-8b016f6b8cb5,Stage 4,78a14be0-36cc-4ce4-bb5a-b81744a7390e,50686272.0
2e9a0ae4-542a-5766-be7a-a00b2bae2033,Stage 4,78a14be0-36cc-4ce4-bb5a-b81744a7390e,50072032.0
0a6e3323-3dac-5f3e-8fd0-1bd50da1b34f,Stage 4,78a14be0-36cc-4ce4-bb5a-b81744a7390e,49737868.0
f692b6a4-11fa-5225-bc0a-c04da4d986b7,Stage 4,78a14be0-36cc-4ce4-bb5a-b81744a7390e,49658351.0
5dfb0ad8-6857-5875-b4db-e67220e006bf,Stage 4,78a14be0-36cc-4ce4-bb5a-b81744a7390e,52504005.0
3da20337-4c60-580d-8d57-1d6aafa0dd27,Stage 4,78a14be0-36cc-4ce4-bb5a-b81744a7390e,50073132.0
cce7245f-b79e-563a-bb36-59be3d9a4182,Stage 4,78a14be0-36cc-4ce4-bb5a-b81744a7390e,36127458.0
e2e8cffb-36f4-5af8-a163-50b07150594e,Stage 4,78a14be0-36cc-4ce4-bb5a-b81744a7390e,49759435.0
f22f2e83-8a10-5203-a583-966725d5e7e1,Stage 4,78a14be0-36cc-4ce4-bb5a-b81744a7390e,49765835.0
23e386ac-b354-5d95-8a18-67cd7cd83148,Stage 4,78a14be0-36cc-4ce4-bb5a-b81744a7390e,50675846.0
f8397d3d-edaa-521b-be03-91be57995533,Stage 4,78a14be0-36cc-4ce4-bb5a-b81744a7390e,51351025.0
69eeb692-8c4c-5d96-90e1-910d66e7e8b2,Stage 4,78a14be0-36cc-4ce4-bb5a-b81744a7390e,49580054.0
286fee3f-838c-578e-93aa-46ddc1bc884b,Stage 4,78a14be0-36cc-4ce4-bb5a-b81744a7390e,44819070.0
e6908d3f-14b1-5baf-9fdb-8938d601b992,Stage 4,78a14be0-36cc-4ce4-bb5a-b81744a7390e,50061473.0
1a6117fa-a1d6-5187-8a4e-34c945bc47c0,Stage 4,78a14be0-36cc-4ce4-bb5a-b81744a7390e,55672813.0
b4f862df-1d9b-5d7f-b3bb-9513ad1000c8,Stage 4,78a14be0-36cc-4ce4-bb5a-b81744a7390e,44518639.0
0cb4c284-fd60-51b4-b1a2-5fc0ea4cb2c8,Stage 4,78a14be0-36cc-4ce4-bb5a-b81744a7390e,50072286.0
3b31dd33-621c-52a2-8dfd-fb818e5c66eb,Stage 4,78a14be0-36cc-4ce4-bb5a-b81744a7390e,50667383.0
592d8c72-0502-5057-b089-65696d9b5970,Stage 4,78a14be0-36cc-4ce4-bb5a-b81744a7390e,44819078.0
a8fc1803-a795-5a3e-98f4-3be4139f1372,Stage 4,78a14be0-36cc-4ce4-bb5a-b81744a7390e,36119649.0
9500725a-190b-568d-b289-b722f19823e9,Stage 4,78a14be0-36cc-4ce4-bb5a-b81744a7390e,50584933.0
798b6702-3a32-5952-afe5-cdcd359b0132,Stage 4,78a14be0-36cc-4ce4-bb5a-b81744a7390e,49739488.0
c2a22533-97fd-5396-8d17-64b06a4f2cbe,Stage 4,78a14be0-36cc-4ce4-bb5a-b81744a7390e,50586056.0
32c70449-f036-5c7d-b886-c62e889004c9,Stage 4,78a14be0-36cc-4ce4-bb5a-b81744a7390e,51608097.0
72f3102e-e7fa-5fe6-a7ed-7bdb1c767fa2,Stage 4,78a14be0-36cc-4ce4-bb5a-b81744a7390e,35887826.0
23e386ac-b354-5d95-8a18-67cd7cd83148,Stage 6,78a14be0-36cc-4ce4-bb5a-b81744a7390e,20679427.0
Y9456D4Y,Mitja,b228b93e-2a15-4123-baf9-ca0915165c6a,10003385.0
Z5163A69,Mitja,b228b93e-2a15-4123-baf9-ca0915165c6a,10166387.0
6FY3ZCBZ,Mitja,b228b93e-2a15-4123-baf9-ca0915165c6a,11619342.0
AB83ZBC2,Mitja,b228b93e-2a15-4123-baf9-ca0915165c6a,10712962.0
9C59Z6FC,Mitja,b228b93e-2a15-4123-baf9-ca0915165c6a,10427804.0
CD12D9ZZ,Mitja,b228b93e-2a15-4123-baf9-ca0915165c6a,3580408.0
92342CD6,Mitja,b228b93e-2a15-4123-baf9-ca0915165c6a,10476361.0
912641A5,Mitja,b228b93e-2a15-4123-baf9-ca0915165c6a,10019422.0
1AY26BYD,Mitja,b228b93e-2a15-4123-baf9-ca0915165c6a,10550355.0
F12D5FCA,Mitja,b228b93e-2a15-4123-baf9-ca0915165c6a,10097953.0
BC8YY57C,Mitja,b228b93e-2a15-4123-baf9-ca0915165c6a,10003492.0
6CDDA98F,Mitja,b228b93e-2a15-4123-baf9-ca0915165c6a,10452322.0
4CYA95FF,Mitja,b228b93e-2a15-4123-baf9-ca0915165c6a,9981645.0
5Z3YDAC5,Mitja,b228b93e-2a15-4123-baf9-ca0915165c6a,10515417.0
3551B73Y,Mitja,b228b93e-2a15-4123-baf9-ca0915165c6a,10832682.0
D275961C,Mitja,b228b93e-2a15-4123-baf9-ca0915165c6a,10096503.0
C9B3A84Z,Mitja,b228b93e-2a15-4123-baf9-ca0915165c6a,9915866.0
FF298231,Mitja,b228b93e-2a15-4123-baf9-ca0915165c6a,10091186.0
A171D2YA,Mitja,b228b93e-2a15-4123-baf9-ca0915165c6a,9966727.0
5ZY4Y6F7,Mitja,b228b93e-2a15-4123-baf9-ca0915165c6a,9877230.0
F6CBC9C1,Mitja,b228b93e-2a15-4123-baf9-ca0915165c6a,10098157.0
1DB7D711,Mitja,b228b93e-2a15-4123-baf9-ca0915165c6a,11016277.0
687DC53F,Mitja,b228b93e-2a15-4123-baf9-ca0915165c6a,10253825.0
AY4C3D5D,Mitja,b228b93e-2a15-4123-baf9-ca0915165c6a,9935023.0
ZC6YC36D,Mitja,b228b93e-2a15-4123-baf9-ca0915165c6a,10398055.0
6982YZ25,Mitja,b228b93e-2a15-4123-baf9-ca0915165c6a,10878709.0
2B7Z443A,Mitja,b228b93e-2a15-4123-baf9-ca0915165c6a,11172094.0
7C43Y347,Mitja,b228b93e-2a15-4123-baf9-ca0915165c6a,10002823.0
DZYF2BDD,Mitja,b228b93e-2a15-4123-baf9-ca0915165c6a,10626809.0
374D43AY,Mitja,b228b93e-2a15-4123-baf9-ca0915165c6a,10023339.0
7YC54ABZ,Mitja,b228b93e-2a15-4123-baf9-ca0915165c6a,9998496.0
63FY83DD,Mitja,b228b93e-2a15-4123-baf9-ca0915165c6a,10048979.0
7916Y8C5,Mitja,b228b93e-2a15-4123-baf9-ca0915165c6a,10977473.0
2DBY6ZC5,Mitja,b228b93e-2a15-4123-baf9-ca0915165c6a,10344781.0
FBAB26F5,Mitja,b228b93e-2a15-4123-baf9-ca0915165c6a,10121484.0
F58455B6,Mitja,b228b93e-2a15-4123-baf9-ca0915165c6a,10046565.0
46DB877D,Mitja,b228b93e-2a15-4123-baf9-ca0915165c6a,10617459.0
9Z5ZB922,Mitja,b228b93e-2a15-4123-baf9-ca0915165c6a,10028767.0
AZA7AD2Y,Mitja,b228b93e-2a15-4123-baf9-ca0915165c6a,10010384.0
B278241C,Mitja,b228b93e-2a15-4123-baf9-ca0915165c6a,10936753.0
C1FCA236,Mitja,b228b93e-2a15-4123-baf9-ca0915165c6a,11844237.0
D3YB8CA4,Mitja,b228b93e-2a15-4123-baf9-ca0915165c6a,10334762.0
C91963B2,Mitja,b228b93e-2a15-4123-baf9-ca0915165c6a,10530655.0
866ZCA61,Mitja,b228b93e-2a15-4123-baf9-ca0915165c6a,10426759.0
D6231622,Mitja,b228b93e-2a15-4123-baf9-ca0915165c6a,10215893.0
8C41AA11,Mitja,b228b93e-2a15-4123-baf9-ca0915165c6a,9956946.0
Y1C46475,Mitja,b228b93e-2a15-4123-baf9-ca0915165c6a,10311320.0
B9YBC7B7,Mitja,b228b93e-2a15-4123-baf9-ca0915165c6a,10670458.0
18ZBA3DF,Mitja,b228b93e-2a15-4123-baf9-ca0915165c6a,10307862.0
2YZ67166,Mitja,b228b93e-2a15-4123-baf9-ca0915165c6a,10091472.0
6F4B167F,Mitja,b228b93e-2a15-4123-baf9-ca0915165c6a,10735584.0
Y8F3CACD,Mitja,b228b93e-2a15-4123-baf9-ca0915165c6a,10355026.0
Z13Y3157,Mitja,b228b93e-2a15-4123-baf9-ca0915165c6a,10426845.0
DY5F24Z2,Mitja,b228b93e-2a15-4123-baf9-ca0915165c6a,9942546.0
65F64981,Mitja,b228b93e-2a15-4123-baf9-ca0915165c6a,10797119.0
YD6D913F,Mitja,b228b93e-2a15-4123-baf9-ca0915165c6a,10085259.0
CCD2B2BF,Mitja,b228b93e-2a15-4123-baf9-ca0915165c6a,10601533.0
F81F7198,Mitja,b228b93e-2a15-4123-baf9-ca0915165c6a,10182270.0
4YAB64AB,Mitja,b228b93e-2a15-4123-baf9-ca0915165c6a,10065901.0
ABZA9ZY8,Mitja,b228b93e-2a15-4123-baf9-ca0915165c6a,10350866.0
A4Y1C799,Mitja,b228b93e-2a15-4123-baf9-ca0915165c6a,10030181.0
22Z5YC46,Mitja,b228b93e-2a15-4123-baf9-ca0915165c6a,11039628.0
B534Y2C7,Mitja,b228b93e-2a15-4123-baf9-ca0915165c6a,9971196.0
Z51641Y2,Mitja,b228b93e-2a15-4123-baf9-ca0915165c6a,11147091.0
Y15AZ1Z8,Mitja,b228b93e-2a15-4123-baf9-ca0915165c6a,10005108.0
DB5ZZBZB,Mitja,b228b93e-2a15-4123-baf9-ca0915165c6a,10403991.0
ZD11YA2B,Mitja,b228b93e-2a15-4123-baf9-ca0915165c6a,10053675.0
7128637Z,Mitja,b228b93e-2a15-4123-baf9-ca0915165c6a,11836624.0
D2CZA164,Mitja,b228b93e-2a15-4123-baf9-ca0915165c6a,9876198.0
YYFC98Z7,Mitja,b228b93e-2a15-4123-baf9-ca0915165c6a,10585275.0
79AABDD3,Mitja,b228b93e-2a15-4123-baf9-ca0915165c6a,10022103.0
9BB22FY4,Mitja,b228b93e-2a15-4123-baf9-ca0915165c6a,10016233.0
F6891ZD3,Mitja,b228b93e-2a15-4123-baf9-ca0915165c6a,10130788.0
1YZ6851F,Mitja,b228b93e-2a15-4123-baf9-ca0915165c6a,10074708.0
C7682C33,Mitja,b228b93e-2a15-4123-baf9-ca0915165c6a,10360460.0
FD16A341,Mitja,b228b93e-2a15-4123-baf9-ca0915165c6a,9930522.0
Y9AC233Z,Mitja,b228b93e-2a15-4123-baf9-ca0915165c6a,10258946.0
7F9296C5,Mitja,b228b93e-2a15-4123-baf9-ca0915165c6a,10359168.0
1C3B69AB,Mitja,b228b93e-2a15-4123-baf9-ca0915165c6a,10423606.0
DD63F7D7,Mitja,b228b93e-2a15-4123-baf9-ca0915165c6a,10105832.0
74Z7C343,Mitja,b228b93e-2a15-4123-baf9-ca0915165c6a,10141979.0
979B541D,Mitja,b228b93e-2a15-4123-baf9-ca0915165c6a,11018855.0
4A81DYF7,Mitja,b228b93e-2a15-4123-baf9-ca0915165c6a,10529766.0
5F5F891B,Mitja,b228b93e-2a15-4123-baf9-ca0915165c6a,10088935.0
7279DYC7,Mitja,b228b93e-2a15-4123-baf9-ca0915165c6a,10388239.0
79FYAABA,Mitja,b228b93e-2a15-4123-baf9-ca0915165c6a,10597107.0
B5464991,Mitja,b228b93e-2a15-4123-baf9-ca0915165c6a,10600306.0
87C6C5F4,Mitja,b228b93e-2a15-4123-baf9-ca0915165c6a,9876395.0
1F687711,Mitja,b228b93e-2a15-4123-baf9-ca0915165c6a,10054781.0
568359C3,Mitja,b228b93e-2a15-4123-baf9-ca0915165c6a,11905107.0
YD916761,Mitja,b228b93e-2a15-4123-baf9-ca0915165c6a,10052053.0
A2266YY8,Mitja,b228b93e-2a15-4123-baf9-ca0915165c6a,10233319.0
3Y6ZF21B,Mitja,b228b93e-2a15-4123-baf9-ca0915165c6a,10067344.0
DF1AY28B,Mitja,b228b93e-2a15-4123-baf9-ca0915165c6a,10318054.0
F8CZB8C3,Mitja,b228b93e-2a15-4123-baf9-ca0915165c6a,11905815.0
4F768C54,Mitja,b228b93e-2a15-4123-baf9-ca0915165c6a,10362680.0
A3741CC7,Mitja,b228b93e-2a15-4123-baf9-ca0915165c6a,10280268.0
6F1C7654,Mitja,b228b93e-2a15-4123-baf9-ca0915165c6a,10682224.0
AB24Z18F,Mitja,b228b93e-2a15-4123-baf9-ca0915165c6a,10095860.0
BB6924DC,Mitja,b228b93e-2a15-4123-baf9-ca0915165c6a,10076518.0
7F7ZC659,Mitja,b228b93e-2a15-4123-baf9-ca0915165c6a,10965027.0
7F55958F,Mitja,b228b93e-2a15-4123-baf9-ca0915165c6a,9995128.0
299B85Z3,Mitja,b228b93e-2a15-4123-baf9-ca0915165c6a,10983699.0
CAFDF9YC,Mitja,b228b93e-2a15-4123-baf9-ca0915165c6a,10959094.0
4A5CZ2Z1,Mitja,b228b93e-2a15-4123-baf9-ca0915165c6a,10081245.0
2CZFYAAA,Mitja,b228b93e-2a15-4123-baf9-ca0915165c6a,10563854.0
AAYY3Y28,Mitja,b228b93e-2a15-4123-baf9-ca0915165c6a,11061186.0
Y37BBF7D,Mitja,b228b93e-2a15-4123-baf9-ca0915165c6a,11045124.0
36DC36F1,Mitja,b228b93e-2a15-4123-baf9-ca0915165c6a,10481905.0
7YC6DZ8D,Mitja,b228b93e-2a15-4123-baf9-ca0915165c6a,9891372.0
38F3Y13Y,Mitja,b228b93e-2a15-4123-baf9-ca0915165c6a,10310760.0
DYF969DB,Mitja,b228b93e-2a15-4123-baf9-ca0915165c6a,10447381.0
18YY36BY,Mitja,b228b93e-2a15-4123-baf9-ca0915165c6a,11463457.0
ACZCZ5CC,Mitja,b228b93e-2a15-4123-baf9-ca0915165c6a,10035742.0
CF2ZFAZF,Mitja,b228b93e-2a15-4123-baf9-ca0915165c6a,12035471.0
8B224528,Mitja,b228b93e-2a15-4123-baf9-ca0915165c6a,10160126.0
CZ7ZC467,Mitja,b228b93e-2a15-4123-baf9-ca0915165c6a,10737883.0
353DA6B9,Mitja,b228b93e-2a15-4123-baf9-ca0915165c6a,10049740.0
BZ57Y78C,Mitja,b228b93e-2a15-4123-baf9-ca0915165c6a,10004203.0
2DD5Y3B7,Mitja,b228b93e-2a15-4123-baf9-ca0915165c6a,10225645.0
FDZA6D59,Mitja,b228b93e-2a15-4123-baf9-ca0915165c6a,10506189.0
688643F1,Mitja,b228b93e-2a15-4123-baf9-ca0915165c6a,10236286.0
YZB7D1Y9,Mitja,b228b93e-2a15-4123-baf9-ca0915165c6a,10579095.0
659F6C73,Mitja,b228b93e-2a15-4123-baf9-ca0915165c6a,10406774.0
38BB8FY1,Mitja,b228b93e-2a15-4123-baf9-ca0915165c6a,10284094.0
27YC697C,Mitja,b228b93e-2a15-4123-baf9-ca0915165c6a,10221176.0
5DA73587,Mitja,b228b93e-2a15-4123-baf9-ca0915165c6a,10119808.0
5Z6ZDCDF,Mitja,b228b93e-2a15-4123-baf9-ca0915165c6a,10669147.0
43BY7Y8C,Mitja,b228b93e-2a15-4123-baf9-ca0915165c6a,10484235.0
6CF578A3,Mitja,b228b93e-2a15-4123-baf9-ca0915165c6a,9931235.0
Z593AZ79,Mitja,b228b93e-2a15-4123-baf9-ca0915165c6a,10676015.0
5B81BBBF,Mitja,b228b93e-2a15-4123-baf9-ca0915165c6a,10216615.0
A7Y61C6D,Mitja,b228b93e-2a15-4123-baf9-ca0915165c6a,10100983.0
DCY428AD,Mitja,b228b93e-2a15-4123-baf9-ca0915165c6a,10049944.0
YB2B7F61,Mitja,b228b93e-2a15-4123-baf9-ca0915165c6a,9990992.0
A4723ZAF,Mitja,b228b93e-2a15-4123-baf9-ca0915165c6a,9965900.0
9YZ884D7,Mitja,b228b93e-2a15-4123-baf9-ca0915165c6a,9875467.0
CD7CD617,Mitja,b228b93e-2a15-4123-baf9-ca0915165c6a,10505004.0
D4A85F1Y,Mitja,b228b93e-2a15-4123-baf9-ca0915165c6a,11754098.0
AZ5321CB,Mitja,b228b93e-2a15-4123-baf9-ca0915165c6a,11071169.0
D71ZYA5B,Mitja,b228b93e-2a15-4123-baf9-ca0915165c6a,10901293.0
D7A4BZ74,Mitja,b228b93e-2a15-4123-baf9-ca0915165c6a,10296803.0
51B2B126,Mitja,b228b93e-2a15-4123-baf9-ca0915165c6a,10050365.0
71C29C5B,Mitja,b228b93e-2a15-4123-baf9-ca0915165c6a,10450417.0
9BF61C13,Mitja,b228b93e-2a15-4123-baf9-ca0915165c6a,9885272.0
2C79ZA97,Mitja,b228b93e-2a15-4123-baf9-ca0915165c6a,10486124.0
A6D76F7F,Mitja,b228b93e-2a15-4123-baf9-ca0915165c6a,10852135.0
Y29D86C4,Mitja,b228b93e-2a15-4123-baf9-ca0915165c6a,10413898.0
9Y77Y387,Mitja,b228b93e-2a15-4123-baf9-ca0915165c6a,10450610.0
8ZBC1Y75,Mitja,b228b93e-2a15-4123-baf9-ca0915165c6a,10131350.0
33BC5D83,Mitja,b228b93e-2a15-4123-baf9-ca0915165c6a,10238505.0
63D49DB8,Mitja,b228b93e-2a15-4123-baf9-ca0915165c6a,10444606.0
27125YB4,Mitja,b228b93e-2a15-4123-baf9-ca0915165c6a,11059397.0
3Y2B6123,Mitja,b228b93e-2a15-4123-baf9-ca0915165c6a,10081571.0
8ZC86695,Mitja,b228b93e-2a15-4123-baf9-ca0915165c6a,10306160.0
7FYFC87C,Mitja,b228b93e-2a15-4123-baf9-ca0915165c6a,9972085.0
8244419Y,Mitja,b228b93e-2a15-4123-baf9-ca0915165c6a,10301022.0
F26AB7BB,Mitja,b228b93e-2a15-4123-baf9-ca0915165c6a,9982967.0
1ZCFY128,Mitja,b228b93e-2a15-4123-baf9-ca0915165c6a,9993152.0
L3738189,Mitja,b228b93e-2a15-4123-baf9-ca0915165c6a,3524979.0
DYZAB27F,Mitja,b228b93e-2a15-4123-baf9-ca0915165c6a,10206585.0
Y3279598,Mitja,b228b93e-2a15-4123-baf9-ca0915165c6a,10712031.0
DA3635B6,Mitja,b228b93e-2a15-4123-baf9-ca0915165c6a,10165759.0
C82BZ9CD,Mitja,b228b93e-2a15-4123-baf9-ca0915165c6a,9890322.0
7AF6AB99,Mitja,b228b93e-2a15-4123-baf9-ca0915165c6a,3592000.0
2554BC37,Mitja,b228b93e-2a15-4123-baf9-ca0915165c6a,10342724.0
BD9Z6FZ7,Mitja,b228b93e-2a15-4123-baf9-ca0915165c6a,10901862.0
8F3B35Y1,Mitja,b228b93e-2a15-4123-baf9-ca0915165c6a,10310901.0
A9841Z5F,Mitja,b228b93e-2a15-4123-baf9-ca0915165c6a,10320305.0
Y4DBF654,Mitja,b228b93e-2a15-4123-baf9-ca0915165c6a,9965286.0
DDB95CBB,Mitja,b228b93e-2a15-4123-baf9-ca0915165c6a,11095143.0
D59BCBA8,Mitja,b228b93e-2a15-4123-baf9-ca0915165c6a,9937672.0
9FF11C59,Mitja,b228b93e-2a15-4123-baf9-ca0915165c6a,10450651.0
F1F98ZFA,Mitja,b228b93e-2a15-4123-baf9-ca0915165c6a,10019932.0
6C6Z5A9Y,Mitja,b228b93e-2a15-4123-baf9-ca0915165c6a,10154719.0
9FA7B745,Mitja,b228b93e-2a15-4123-baf9-ca0915165c6a,10073594.0
Z5CA673Y,Mitja,b228b93e-2a15-4123-baf9-ca0915165c6a,11021712.0
39Z5YBZ5,Mitja,b228b93e-2a15-4123-baf9-ca0915165c6a,10114753.0
36A327YB,Mitja,b228b93e-2a15-4123-baf9-ca0915165c6a,11313088.0
DZ82ZY34,Mitja,b228b93e-2a15-4123-baf9-ca0915165c6a,9910208.0
6C9A3162,Mitja,b228b93e-2a15-4123-baf9-ca0915165c6a,12325557.0
D366283Y,Mitja,b228b93e-2a15-4123-baf9-ca0915165c6a,10578789.0
517C4YB7,Mitja,b228b93e-2a15-4123-baf9-ca0915165c6a,10968722.0
4AA956AF,Mitja,b228b93e-2a15-4123-baf9-ca0915165c6a,10451669.0
ACZYYD94,Mitja,b228b93e-2a15-4123-baf9-ca0915165c6a,10602125.0
9ZZ1BC7Y,Mitja,b228b93e-2a15-4123-baf9-ca0915165c6a,10513965.0
7537AZYD,Mitja,b228b93e-2a15-4123-baf9-ca0915165c6a,10063380.0
5B9B2D1A,Mitja,b228b93e-2a15-4123-baf9-ca0915165c6a,10112853.0
AFB7591B,Mitja,b228b93e-2a15-4123-baf9-ca0915165c6a,10228129.0
7YY39FAD,Mitja,b228b93e-2a15-4123-baf9-ca0915165c6a,9933491.0
CB54784F,Mitja,b228b93e-2a15-4123-baf9-ca0915165c6a,10749331.0
2ZD8C429,Mitja,b228b93e-2a15-4123-baf9-ca0915165c6a,10280781.0
DCFZ8295,Mitja,b228b93e-2a15-4123-baf9-ca0915165c6a,3645478.0
C9BZA8YF,Mitja,b228b93e-2a15-4123-baf9-ca0915165c6a,9993966.0
82F58YY8,Mitja,b228b93e-2a15-4123-baf9-ca0915165c6a,10182428.0
37D25A7F,Mitja,b228b93e-2a15-4123-baf9-ca0915165c6a,9907727.0
ZCZ6D783,Mitja,b228b93e-2a15-4123-baf9-ca0915165c6a,10225283.0
4AZ349Z5,Mitja,b228b93e-2a15-4123-baf9-ca0915165c6a,10284070.0
54ZDB9F5,Mitja,b228b93e-2a15-4123-baf9-ca0915165c6a,10299058.0
2B7654A7,Mitja,b228b93e-2a15-4123-baf9-ca0915165c6a,9943280.0
DBZ43AB2,Mitja,b228b93e-2a15-4123-baf9-ca0915165c6a,10530652.0
CB93C576,Mitja,b228b93e-2a15-4123-baf9-ca0915165c6a,10520505.0
5687754D,Mitja,b228b93e-2a15-4123-baf9-ca0915165c6a,10012491.0
4CYY12C8,Mitja,b228b93e-2a15-4123-baf9-ca0915165c6a,10076652.0
2YD7759F,Mitja,b228b93e-2a15-4123-baf9-ca0915165c6a,9874706.0
339A8FC3,Mitja,b228b93e-2a15-4123-baf9-ca0915165c6a,10307265.0
A1416CF3,Mitja,b228b93e-2a15-4123-baf9-ca0915165c6a,9929534.0
6C573Y79,Mitja,b228b93e-2a15-4123-baf9-ca0915165c6a,10050787.0
DC83748F,Mitja,b228b93e-2a15-4123-baf9-ca0915165c6a,10171520.0
C9A4B44A,Mitja,b228b93e-2a15-4123-baf9-ca0915165c6a,11472632.0
9799Y493,Mitja,b228b93e-2a15-4123-baf9-ca0915165c6a,10004028.0
4ZY33F62,Mitja,b228b93e-2a15-4123-baf9-ca0915165c6a,9941320.0
7Y69AZAZ,Mitja,b228b93e-2a15-4123-baf9-ca0915165c6a,10111592.0
1Y2DB23Z,Mitja,b228b93e-2a15-4123-baf9-ca0915165c6a,10711887.0
9AZ6FC5Z,Mitja,b228b93e-2a15-4123-baf9-ca0915165c6a,10017167.0
C43CBZZA,Mitja,b228b93e-2a15-4123-baf9-ca0915165c6a,10182680.0
D4FAD945,Mitja,b228b93e-2a15-4123-baf9-ca0915165c6a,9970784.0
3BY79936,Mitja,b228b93e-2a15-4123-baf9-ca0915165c6a,10478595.0
1DYC1Z16,Mitja,b228b93e-2a15-4123-baf9-ca0915165c6a,9900748.0
Y2F6BAA7,Mitja,b228b93e-2a15-4123-baf9-ca0915165c6a,3601917.0
Z7F5A129,Mitja,b228b93e-2a15-4123-baf9-ca0915165c6a,10302747.0
C95DADZF,Mitja,b228b93e-2a15-4123-baf9-ca0915165c6a,10067119.0
2C1B5Y58,Mitja,b228b93e-2a15-4123-baf9-ca0915165c6a,10840911.0
B3BC4FZ6,Mitja,b228b93e-2a15-4123-baf9-ca0915165c6a,9902249.0
ZY71CB28,Mitja,b228b93e-2a15-4123-baf9-ca0915165c6a,10298231.0
2FA28B69,Mitja,b228b93e-2a15-4123-baf9-ca0915165c6a,10106281.0
F2YF2AAF,Mitja,b228b93e-2a15-4123-baf9-ca0915165c6a,9896794.0
4ABFZ873,Mitja,b228b93e-2a15-4123-baf9-ca0915165c6a,12161679.0
42ZFYYY1,Mitja,b228b93e-2a15-4123-baf9-ca0915165c6a,11041690.0
CDB5FBZ8,Mitja,b228b93e-2a15-4123-baf9-ca0915165c6a,10920434.0
9Y2DYF57,Mitja,b228b93e-2a15-4123-baf9-ca0915165c6a,10560460.0
5BD4DZY7,Mitja,b228b93e-2a15-4123-baf9-ca0915165c6a,10079664.0
Z8D614AZ,Mitja,b228b93e-2a15-4123-baf9-ca0915165c6a,10017404.0
F6B3Z3BD,Mitja,b228b93e-2a15-4123-baf9-ca0915165c6a,10476098.0
82D24F39,Mitja,b228b93e-2a15-4123-baf9-ca0915165c6a,10146439.0
Y4ZCC684,Mitja,b228b93e-2a15-4123-baf9-ca0915165c6a,10176263.0
A3516756,Mitja,b228b93e-2a15-4123-baf9-ca0915165c6a,10577673.0
8515746b-f9bf-4b3a-8469-99b2c6ab1f65,Mitja,b228b93e-2a15-4123-baf9-ca0915165c6a,10577378.0
1C172B29,Mitja,b228b93e-2a15-4123-baf9-ca0915165c6a,10037466.0
7F3A3347,Mitja,b228b93e-2a15-4123-baf9-ca0915165c6a,10385239.0
D7CZ7BAF,Mitja,b228b93e-2a15-4123-baf9-ca0915165c6a,10415369.0
2YYCB68Y,Mitja,b228b93e-2a15-4123-baf9-ca0915165c6a,10189757.0
241F242B,Mitja,b228b93e-2a15-4123-baf9-ca0915165c6a,10417155.0
585B1F26,Mitja,b228b93e-2a15-4123-baf9-ca0915165c6a,10526928.0
CFC2Z7Z9,Mitja,b228b93e-2a15-4123-baf9-ca0915165c6a,11037338.0
2ZDAFF55,Mitja,b228b93e-2a15-4123-baf9-ca0915165c6a,10080678.0
49B13A6Z,Mitja,b228b93e-2a15-4123-baf9-ca0915165c6a,11115686.0
23A8C714,Mitja,b228b93e-2a15-4123-baf9-ca0915165c6a,12162144.0
66A52Y63,Mitja,b228b93e-2a15-4123-baf9-ca0915165c6a,10253478.0
ZC153BZZ,Mitja,b228b93e-2a15-4123-baf9-ca0915165c6a,9988537.0
FAA33873,Mitja,b228b93e-2a15-4123-baf9-ca0915165c6a,10833001.0
42Y715Z4,Mitja,b228b93e-2a15-4123-baf9-ca0915165c6a,10622979.0
5A1AY58F,Mitja,b228b93e-2a15-4123-baf9-ca0915165c6a,11329170.0
BBZ2F4F6,Mitja,b228b93e-2a15-4123-baf9-ca0915165c6a,9961407.0
YFAFBDA6,Mitja,b228b93e-2a15-4123-baf9-ca0915165c6a,10893541.0
754CAAAA,Mitja,b228b93e-2a15-4123-baf9-ca0915165c6a,10177013.0
A7AZD72Z,Mitja,b228b93e-2a15-4123-baf9-ca0915165c6a,10911102.0
4FZF2Z1D,Mitja,b228b93e-2a15-4123-baf9-ca0915165c6a,10293029.0
Y95189BZ,Mitja,b228b93e-2a15-4123-baf9-ca0915165c6a,10339103.0
72B5D5FY,Mitja,b228b93e-2a15-4123-baf9-ca0915165c6a,10736553.0
AC68Y46Y,Mitja,b228b93e-2a15-4123-baf9-ca0915165c6a,11329489.0
FB39347C,Mitja,b228b93e-2a15-4123-baf9-ca0915165c6a,3402505.0
BD6Z8ZZ9,Mitja,b228b93e-2a15-4123-baf9-ca0915165c6a,9958114.0
BYDZ4269,Mitja,b228b93e-2a15-4123-baf9-ca0915165c6a,10089581.0
5218Z9FZ,Mitja,b228b93e-2a15-4123-baf9-ca0915165c6a,10989794.0
81D9YZ28,Mitja,b228b93e-2a15-4123-baf9-ca0915165c6a,9902155.0
F918BZBF,Mitja,b228b93e-2a15-4123-baf9-ca0915165c6a,10119193.0
AYBD5AZ7,Mitja,b228b93e-2a15-4123-baf9-ca0915165c6a,10536533.0
36Y547D9,Mitja,b228b93e-2a15-4123-baf9-ca0915165c6a,11309079.0
ZC6455A3,Mitja,b228b93e-2a15-4123-baf9-ca0915165c6a,3646979.0
991B7ZB2,Mitja,b228b93e-2a15-4123-baf9-ca0915165c6a,11116128.0
C53ACA8Y,Mitja,b228b93e-2a15-4123-baf9-ca0915165c6a,10602128.0
CCBC72F5,Mitja,b228b93e-2a15-4123-baf9-ca0915165c6a,10192594.0
L8211445,Mitja,b228b93e-2a15-4123-baf9-ca0915165c6a,9875054.0
F47B9B31,Mitja,b228b93e-2a15-4123-baf9-ca0915165c6a,10112019.0
B9D1FC5B,Mitja,b228b93e-2a15-4123-baf9-ca0915165c6a,10177284.0
94Z97D24,Mitja,b228b93e-2a15-4123-baf9-ca0915165c6a,10077430.0
54F76329,Mitja,b228b93e-2a15-4123-baf9-ca0915165c6a,9988419.0
1C94CDD1,Mitja,b228b93e-2a15-4123-baf9-ca0915165c6a,10532310.0
6FC228AC,Mitja,b228b93e-2a15-4123-baf9-ca0915165c6a,9910361.0
4AB366FF,Mitja,b228b93e-2a15-4123-baf9-ca0915165c6a,10541617.0
ZYZ8Y39F,Mitja,b228b93e-2a15-4123-baf9-ca0915165c6a,10557030.0
16DC6264,Mitja,b228b93e-2a15-4123-baf9-ca0915165c6a,9938683.0
9B949Y91,Mitja,b228b93e-2a15-4123-baf9-ca0915165c6a,10597597.0
35Y278Y5,Mitja,b228b93e-2a15-4123-baf9-ca0915165c6a,10648066.0
8AD82DF5,Mitja,b228b93e-2a15-4123-baf9-ca0915165c6a,10307474.0
914A3BD7,Mitja,b228b93e-2a15-4123-baf9-ca0915165c6a,10227739.0
BC3841D3,Mitja,b228b93e-2a15-4123-baf9-ca0915165c6a,11208826.0
51ZAB3DF,Mitja,b228b93e-2a15-4123-baf9-ca0915165c6a,11039309.0
72BY14BD,Mitja,b228b93e-2a15-4123-baf9-ca0915165c6a,10702932.0
D2A26DZF,Mitja,b228b93e-2a15-4123-baf9-ca0915165c6a,10558408.0
Z6AF5DBB,Mitja,b228b93e-2a15-4123-baf9-ca0915165c6a,10309733.0
6YCA9FB6,Mitja,b228b93e-2a15-4123-baf9-ca0915165c6a,10441948.0
1441981A,Mitja,b228b93e-2a15-4123-baf9-ca0915165c6a,11819505.0
YF172B8F,Mitja,b228b93e-2a15-4123-baf9-ca0915165c6a,10019707.0
11ZADCD5,Mitja,b228b93e-2a15-4123-baf9-ca0915165c6a,10226118.0
ZAC87C56,Mitja,b228b93e-2a15-4123-baf9-ca0915165c6a,10443993.0
2D3B18Z2,Mitja,b228b93e-2a15-4123-baf9-ca0915165c6a,10496143.0
6DD829CA,Mitja,b228b93e-2a15-4123-baf9-ca0915165c6a,10330582.0
FF564A1F,Mitja,b228b93e-2a15-4123-baf9-ca0915165c6a,10292639.0
L7186151,Mitja,b228b93e-2a15-4123-baf9-ca0915165c6a,11067233.0
9ZA569YD,Mitja,b228b93e-2a15-4123-baf9-ca0915165c6a,10359070.0
1Y522124,Mitja,b228b93e-2a15-4123-baf9-ca0915165c6a,10336877.0
7AZF5F9D,Mitja,b228b93e-2a15-4123-baf9-ca0915165c6a,11703197.0
AAB7FA8D,Mitja,b228b93e-2a15-4123-baf9-ca0915165c6a,10098768.0
49277CAA,Mitja,b228b93e-2a15-4123-baf9-ca0915165c6a,10588328.0
6276D3A8,Mitja,b228b93e-2a15-4123-baf9-ca0915165c6a,10261768.0
6AA48ZAD,Mitja,b228b93e-2a15-4123-baf9-ca0915165c6a,10764573.0
55DZZ88B,Mitja,b228b93e-2a15-4123-baf9-ca0915165c6a,10582957.0
97CD58FC,Mitja,b228b93e-2a15-4123-baf9-ca0915165c6a,10695076.0
3C4B422A,Mitja,b228b93e-2a15-4123-baf9-ca0915165c6a,10522637.0
D7915A19,Mitja,b228b93e-2a15-4123-baf9-ca0915165c6a,10078155.0
2BYYB58A,Mitja,b228b93e-2a15-4123-baf9-ca0915165c6a,10280659.0
4BC91F2B,Mitja,b228b93e-2a15-4123-baf9-ca0915165c6a,10403049.0
Z6Z7ZA3Z,Mitja,b228b93e-2a15-4123-baf9-ca0915165c6a,9956343.0
75D5Y9A3,Mitja,b228b93e-2a15-4123-baf9-ca0915165c6a,10434983.0
77AYZB96,Mitja,b228b93e-2a15-4123-baf9-ca0915165c6a,10561911.0
C5Z6AYZB,Mitja,b228b93e-2a15-4123-baf9-ca0915165c6a,11313254.0
Z635BY3Y,Mitja,b228b93e-2a15-4123-baf9-ca0915165c6a,10331432.0
Z971DZC6,Mitja,b228b93e-2a15-4123-baf9-ca0915165c6a,10665088.0
4B4B97D2,Mitja,b228b93e-2a15-4123-baf9-ca0915165c6a,10514902.0
FY7741B6,Mitja,b228b93e-2a15-4123-baf9-ca0915165c6a,10063172.0
18C7DCY1,Mitja,b228b93e-2a15-4123-baf9-ca0915165c6a,10302466.0
156Z38C2,Mitja,b228b93e-2a15-4123-baf9-ca0915165c6a,10601063.0
9FBD2113,Mitja,b228b93e-2a15-4123-baf9-ca0915165c6a,9970937.0
D281Z865,Mitja,b228b93e-2a15-4123-baf9-ca0915165c6a,10563281.0
B8YZ55D1,Mitja,b228b93e-2a15-4123-baf9-ca0915165c6a,10053352.0
6DCA7647,Mitja,b228b93e-2a15-4123-baf9-ca0915165c6a,10838152.0
Y797Y3A5,Mitja,b228b93e-2a15-4123-baf9-ca0915165c6a,10016562.0
138CZZ98,Mitja,b228b93e-2a15-4123-baf9-ca0915165c6a,9949945.0
8468F681,Mitja,b228b93e-2a15-4123-baf9-ca0915165c6a,10286608.0
77Z5Z875,Mitja,b228b93e-2a15-4123-baf9-ca0915165c6a,9901958.0
4C4C46A2,Mitja,b228b93e-2a15-4123-baf9-ca0915165c6a,11054098.0
BD6F5C22,Mitja,b228b93e-2a15-4123-baf9-ca0915165c6a,10777354.0
Z39CZFY6,Mitja,b228b93e-2a15-4123-baf9-ca0915165c6a,10346610.0
835DZC97,Mitja,b228b93e-2a15-4123-baf9-ca0915165c6a,12148957.0
43BY64Z9,Mitja,b228b93e-2a15-4123-baf9-ca0915165c6a,10699566.0
ZF2Y8Y48,Mitja,b228b93e-2a15-4123-baf9-ca0915165c6a,10620101.0
FD8A8D16,Mitja,b228b93e-2a15-4123-baf9-ca0915165c6a,10623610.0
D75ZFDZ7,Mitja,b228b93e-2a15-4123-baf9-ca0915165c6a,11154921.0
37A5A356,Mitja,b228b93e-2a15-4123-baf9-ca0915165c6a,10385201.0
YD846654,Mitja,b228b93e-2a15-4123-baf9-ca0915165c6a,10159970.0
Z6416F9D,Mitja,b228b93e-2a15-4123-baf9-ca0915165c6a,9929014.0
1DA7Y8FC,Mitja,b228b93e-2a15-4123-baf9-ca0915165c6a,10777851.0
YZDCC9Z9,Mitja,b228b93e-2a15-4123-baf9-ca0915165c6a,10081525.0
899F1YFZ,Mitja,b228b93e-2a15-4123-baf9-ca0915165c6a,9902019.0
2B142925,Mitja,b228b93e-2a15-4123-baf9-ca0915165c6a,10963605.0
13C1CY24,Mitja,b228b93e-2a15-4123-baf9-ca0915165c6a,10627016.0
8CC469Z9,Mitja,b228b93e-2a15-4123-baf9-ca0915165c6a,10443703.0
681Y2451,Mitja,b228b93e-2a15-4123-baf9-ca0915165c6a,10935718.0
67AF1YY2,Mitja,b228b93e-2a15-4123-baf9-ca0915165c6a,10078081.0
