athlete_id,race_id,split,fold,valor_real,valor_imputado,abs_error,gender,age,age_group,rel_error,rel_error_pct
6Z8D5YB1,49603c2f-1b2b-457f-b82e-fed8bded1d3d,5K,1,1295.877,2080.6245,784.74751171875,1.0,55.03901437371663,50-60,-0.6055725281899266,60.55725281899266
7FZB57CD,49603c2f-1b2b-457f-b82e-fed8bded1d3d,5K,2,821.408,1882.27,1060.86201953125,0.0,33.045859000684466,30-40,-1.291516540184334,129.1516540184334
FC3AA1DD,49603c2f-1b2b-457f-b82e-fed8bded1d3d,5K,2,889.933,1809.7668,919.833845703125,0.0,54.9678302532512,50-60,-1.0335989840465811,103.35989840465811
9669FA56,49603c2f-1b2b-457f-b82e-fed8bded1d3d,5K,3,710.97,1664.5349,953.564912109375,1.0,35.61396303901437,30-40,-1.3412168034771623,134.12168034771622
FC3AA1DD,49603c2f-1b2b-457f-b82e-fed8bded1d3d,5K,3,889.933,1767.128,877.1950517578125,0.0,54.9678302532512,50-60,-0.9856866199726563,98.56866199726562
A588572Z,49603c2f-1b2b-457f-b82e-fed8bded1d3d,5K,4,988.641,1513.014,524.3730380859375,0.0,53.776865160848736,50-60,-0.5303978264663712,53.03978264663712
FC3AA1DD,49603c2f-1b2b-457f-b82e-fed8bded1d3d,5K,4,889.933,1768.3055,878.3725419921875,0.0,54.9678302532512,50-60,-0.9870097423122615,98.70097423122614
Z738ZD1F,49603c2f-1b2b-457f-b82e-fed8bded1d3d,10K,1,1810.5829999999999,619.3202,1191.2628095703124,0.0,22.68309377138946,20-30,0.6579443245144619,65.7944324514462
7Z33Y4YC,49603c2f-1b2b-457f-b82e-fed8bded1d3d,10K,2,176.97900000000004,1575.6182,1398.6391640625,0.0,55.94798083504449,50-60,-7.9028537632128435,790.2853763212844
7Z33Y4YC,49603c2f-1b2b-457f-b82e-fed8bded1d3d,10K,3,176.97900000000004,1581.2319,1404.25293359375,0.0,55.94798083504449,50-60,-7.93457373846149,793.4573738461489
9A4CBB9B,49603c2f-1b2b-457f-b82e-fed8bded1d3d,10K,3,522.623,1288.4235,765.8004619140625,0.0,42.43668720054757,40-50,-1.4653018723798235,146.53018723798235
Z738ZD1F,49603c2f-1b2b-457f-b82e-fed8bded1d3d,10K,3,1810.5829999999999,563.1626,1247.4204023437499,0.0,22.68309377138946,20-30,0.6889606285129095,68.89606285129095
YCDB554Z,49603c2f-1b2b-457f-b82e-fed8bded1d3d,15K,3,4695.583,1842.0625,2853.5204999999996,0.0,24.698151950718685,20-30,0.6077031327935842,60.770313279358426
6A981YDZ,49603c2f-1b2b-457f-b82e-fed8bded1d3d,20K,1,70.09000000000015,1439.0604,1368.9704248046874,0.0,35.383983572895275,30-40,-19.53160800789095,1953.1608007890948
6A981YDZ,49603c2f-1b2b-457f-b82e-fed8bded1d3d,20K,3,70.09000000000015,1452.0151,1381.9251367187499,0.0,35.383983572895275,30-40,-19.716437680158503,1971.6437680158504
6A981YDZ,49603c2f-1b2b-457f-b82e-fed8bded1d3d,20K,5,70.09000000000015,1413.1891,1343.0990869140624,0.0,35.383983572895275,30-40,-19.16249204953014,1916.249204953014
6A981YDZ,49603c2f-1b2b-457f-b82e-fed8bded1d3d,Media,1,1604.5429999999997,304.4017,1300.1412971191403,0.0,35.383983572895275,30-40,0.8102875998392395,81.02875998392395
6Y7F65F8,49603c2f-1b2b-457f-b82e-fed8bded1d3d,Media,1,1075.8369999999995,535.5781,540.2588749999995,1.0,37.275838466803556,30-40,0.502175398780507,50.2175398780507
AA431536,49603c2f-1b2b-457f-b82e-fed8bded1d3d,Media,1,1009.3130000000001,426.17487,583.1381342773439,0.0,66.68035592060232,60+,0.5777574783041398,57.775747830413984
1A17F191,49603c2f-1b2b-457f-b82e-fed8bded1d3d,Media,2,296.6680000000006,445.67657,149.00857470703068,0.0,55.43326488706366,50-60,-0.5022738354145259,50.22738354145259
34YY6384,49603c2f-1b2b-457f-b82e-fed8bded1d3d,Media,2,393.5509999999995,650.90454,257.3535410156255,0.0,28.48186173853525,20-30,-0.6539267855035283,65.39267855035284
5AYC2879,49603c2f-1b2b-457f-b82e-fed8bded1d3d,Media,2,461.6210000000001,731.8026,270.1816123046874,0.0,48.46543463381246,40-50,-0.5852888229075335,58.528882290753344
6Y7F65F8,49603c2f-1b2b-457f-b82e-fed8bded1d3d,Media,2,1075.8369999999995,513.4175,562.4195195312495,1.0,37.275838466803556,30-40,0.5227739137141368,52.277391371413685
769FAF62,49603c2f-1b2b-457f-b82e-fed8bded1d3d,Media,2,495.5560000000005,843.8639,348.307891601562,0.0,53.79329226557152,50-60,-0.7028628266002204,70.28628266002204
8Y2B2549,49603c2f-1b2b-457f-b82e-fed8bded1d3d,Media,2,73.15899999999965,626.40875,553.2497524414066,0.0,34.53798767967146,30-40,-7.562292334218851,756.229233421885
AZ8Y8D64,49603c2f-1b2b-457f-b82e-fed8bded1d3d,Media,2,363.91399999999976,777.6628,413.748780761719,0.0,29.36892539356605,20-30,-1.1369410894463476,113.69410894463476
Z95B6F54,49603c2f-1b2b-457f-b82e-fed8bded1d3d,Media,2,544.1749999999993,848.66156,304.4865600585945,1.0,39.20876112251882,30-40,-0.5595379418368299,55.953794183682994
1FB874D9,49603c2f-1b2b-457f-b82e-fed8bded1d3d,Media,3,954.4030000000002,463.3471,491.0558930664065,1.0,48.91444216290212,40-50,0.5145162919143067,51.45162919143067
21CB8ZAA,49603c2f-1b2b-457f-b82e-fed8bded1d3d,Media,3,355.91200000000026,562.4832,206.571215332031,0.0,41.275838466803556,40-50,-0.5803996907989367,58.03996907989367
6A981YDZ,49603c2f-1b2b-457f-b82e-fed8bded1d3d,Media,3,1604.5429999999997,285.94553,1318.5974738769528,0.0,35.383983572895275,30-40,0.8217900505347397,82.17900505347397
8A9Y52CB,49603c2f-1b2b-457f-b82e-fed8bded1d3d,Media,3,899.7930000000006,435.15225,464.64074780273495,0.0,32.13141683778234,30-40,0.5163862658259715,51.63862658259715
AZ8Y8D64,49603c2f-1b2b-457f-b82e-fed8bded1d3d,Media,3,363.91399999999976,578.02515,214.11114648437524,0.0,29.36892539356605,20-30,-0.5883564410712941,58.83564410712941
8A9Y52CB,49603c2f-1b2b-457f-b82e-fed8bded1d3d,Media,4,899.7930000000006,438.2692,461.52380444335995,0.0,32.13141683778234,30-40,0.5129221986950748,51.292219869507484
AZ8Y8D64,49603c2f-1b2b-457f-b82e-fed8bded1d3d,Media,4,363.91399999999976,619.50867,255.59466699218774,0.0,29.36892539356605,20-30,-0.7023490887677826,70.23490887677826
1932CCC2,49603c2f-1b2b-457f-b82e-fed8bded1d3d,Media,5,1012.7119999999995,503.93362,508.7783757324214,1.0,39.02258726899384,30-40,0.5023919685261256,50.23919685261256
3483A844,49603c2f-1b2b-457f-b82e-fed8bded1d3d,Media,5,388.1740000000009,600.5443,212.3703115234366,0.0,40.832306639288156,40-50,-0.5471008129764882,54.71008129764881
6A981YDZ,49603c2f-1b2b-457f-b82e-fed8bded1d3d,Media,5,1604.5429999999997,288.5296,1316.0133979492184,0.0,35.383983572895275,30-40,0.8201795758225482,82.01795758225482
C279DB3C,49603c2f-1b2b-457f-b82e-fed8bded1d3d,25K,5,610.1490000000003,1201.002,590.8529531249997,0.0,43.83846680355921,40-50,-0.9683748595123888,96.83748595123888
1F63FC63,49603c2f-1b2b-457f-b82e-fed8bded1d3d,30K,1,1477.96,3375.8674,1897.907431640625,0.0,41.83436002737851,40-50,-1.2841399160711284,128.41399160711285
8YB3D2A5,49603c2f-1b2b-457f-b82e-fed8bded1d3d,30K,1,1340.6989999999996,2115.9045,775.2055410156254,0.0,33.48117727583847,30-40,-0.5782099788523863,57.82099788523863
D1A73644,49603c2f-1b2b-457f-b82e-fed8bded1d3d,30K,1,1331.5100000000002,2055.1355,723.6254980468748,0.0,40.616016427104725,40-50,-0.5434623078335216,54.346230783352155
649B1971,49603c2f-1b2b-457f-b82e-fed8bded1d3d,30K,2,3698.0,1805.0233,1892.9766845703125,0.0,25.56331279945243,20-30,0.5118920184041159,51.18920184041159
8YB3D2A5,49603c2f-1b2b-457f-b82e-fed8bded1d3d,30K,2,1340.6989999999996,2312.894,972.1950429687504,0.0,33.48117727583847,30-40,-0.725140424691605,72.5140424691605
D1BF1A5D,49603c2f-1b2b-457f-b82e-fed8bded1d3d,30K,3,1182.4700000000003,1855.002,672.5319531249997,0.0,40.930869267624914,40-50,-0.5687518098186404,56.875180981864034
649B1971,49603c2f-1b2b-457f-b82e-fed8bded1d3d,30K,4,3698.0,1763.2009,1934.799072265625,0.0,25.56331279945243,20-30,0.523201479649114,52.3201479649114
Y196Y4Z2,49603c2f-1b2b-457f-b82e-fed8bded1d3d,30K,4,6497.669999999999,1410.116,5087.554033203124,0.0,30.001368925393567,30-40,0.7829812890497891,78.29812890497891
A4687ZA6,49603c2f-1b2b-457f-b82e-fed8bded1d3d,30K,5,3332.080000000001,1193.4557,2138.6243115234383,0.0,39.35934291581109,30-40,0.6418286208259133,64.18286208259133
DYBC9A76,49603c2f-1b2b-457f-b82e-fed8bded1d3d,35K,1,901.1489999999994,2047.6982,1146.5492421875006,0.0,19.003422313483917,<20,-1.2723192734111473,127.23192734111473
FCY2284D,49603c2f-1b2b-457f-b82e-fed8bded1d3d,35K,1,7616.140000000001,2204.8022,5411.337753906251,0.0,44.24914442162902,40-50,0.7105092281911495,71.05092281911494
3Z1888CB,49603c2f-1b2b-457f-b82e-fed8bded1d3d,35K,2,674.8069999999989,1736.147,1061.3399726562511,0.0,65.0403832991102,60+,-1.5728052185046208,157.2805218504621
93DA6741,49603c2f-1b2b-457f-b82e-fed8bded1d3d,35K,2,824.7909999999993,2395.5671,1570.7761386718757,0.0,44.70636550308008,40-50,-1.9044535364321673,190.44535364321672
C911F9CD,49603c2f-1b2b-457f-b82e-fed8bded1d3d,35K,2,720.3300000000008,1336.6239,616.2939013671867,0.0,52.32032854209446,50-60,-0.8555716137209534,85.55716137209534
DYBC9A76,49603c2f-1b2b-457f-b82e-fed8bded1d3d,35K,2,901.1489999999994,2181.2288,1280.0797597656256,0.0,19.003422313483917,<20,-1.4204973410003552,142.04973410003552
F8A1D39B,49603c2f-1b2b-457f-b82e-fed8bded1d3d,35K,2,1051.7209999999995,2002.8961,951.175118164063,1.0,29.420944558521562,20-30,-0.9043987115020662,90.43987115020661
14CFFYDZ,49603c2f-1b2b-457f-b82e-fed8bded1d3d,35K,3,1207.299000000001,2838.1143,1630.815257812499,0.0,33.086926762491444,30-40,-1.3507964940430675,135.07964940430674
8C2YB7AF,49603c2f-1b2b-457f-b82e-fed8bded1d3d,35K,3,579.6799999999994,1042.7891,463.1090625000006,1.0,44.120465434633815,40-50,-0.7989046744774642,79.89046744774642
93DA6741,49603c2f-1b2b-457f-b82e-fed8bded1d3d,35K,3,824.7909999999993,2515.7258,1690.9348300781257,0.0,44.70636550308008,40-50,-2.0501373414937722,205.01373414937723
C3F85F51,49603c2f-1b2b-457f-b82e-fed8bded1d3d,35K,3,645.8799999999992,1924.274,1278.3940478515633,1.0,32.38603696098563,30-40,-1.9793058244136048,197.93058244136049
DYBC9A76,49603c2f-1b2b-457f-b82e-fed8bded1d3d,35K,3,901.1489999999994,2066.5764,1165.4274160156256,0.0,19.003422313483917,<20,-1.2932682771909618,129.32682771909617
DYY89BF8,49603c2f-1b2b-457f-b82e-fed8bded1d3d,35K,3,855.3800000000001,1654.6034,799.2233935546874,0.0,50.88569472963724,50-60,-0.9343489357014875,93.43489357014874
YC39Y58C,49603c2f-1b2b-457f-b82e-fed8bded1d3d,35K,3,1450.9519999999993,2335.919,884.9669453125007,1.0,63.55099247091034,60+,-0.609921585760645,60.992158576064504
14CFFYDZ,49603c2f-1b2b-457f-b82e-fed8bded1d3d,35K,4,1207.299000000001,2789.1997,1581.900707031249,0.0,33.086926762491444,30-40,-1.3102808051037622,131.0280805103762
DYY89BF8,49603c2f-1b2b-457f-b82e-fed8bded1d3d,35K,4,855.3800000000001,1649.8352,794.4552050781249,0.0,50.88569472963724,50-60,-0.9287745845698405,92.87745845698406
7D152B6Y,49603c2f-1b2b-457f-b82e-fed8bded1d3d,35K,5,1241.6560000000009,1946.1912,704.5351621093741,0.0,41.24024640657084,40-50,-0.5674157427999043,56.741574279990424
AC8711F4,49603c2f-1b2b-457f-b82e-fed8bded1d3d,35K,5,1332.369999999999,2212.5344,880.164423828126,0.0,37.00479123887748,30-40,-0.660600601310091,66.0600601310091
C279DB3C,49603c2f-1b2b-457f-b82e-fed8bded1d3d,35K,5,700.4499999999989,1903.7334,1203.283398437501,0.0,43.83846680355921,40-50,-1.7178719347842544,171.78719347842545
DYBC9A76,49603c2f-1b2b-457f-b82e-fed8bded1d3d,35K,5,901.1489999999994,1962.75,1061.6010000000006,0.0,19.003422313483917,<20,-1.1780526847635058,117.80526847635058
FDBD1598,49603c2f-1b2b-457f-b82e-fed8bded1d3d,35K,5,1814.6850000000013,2810.8003,996.1152929687487,0.0,21.374401095140314,20-30,-0.5489191195275371,54.891911952753716
34YY6384,49603c2f-1b2b-457f-b82e-fed8bded1d3d,40K,2,1645.1470000000008,2549.1975,904.0505097656242,0.0,28.48186173853525,20-30,-0.5495256710896339,54.95256710896339
649B1971,49603c2f-1b2b-457f-b82e-fed8bded1d3d,40K,2,1514.1000000000004,2512.6875,998.5874999999996,0.0,25.56331279945243,20-30,-0.6595254602341152,65.95254602341151
93BZF2FB,49603c2f-1b2b-457f-b82e-fed8bded1d3d,40K,3,58.04100000000108,1897.8352,1839.794205078124,0.0,46.74880219028063,40-50,-31.69818186075202,3169.818186075202
26Z72ZB6,49603c2f-1b2b-457f-b82e-fed8bded1d3d,Meta,1,696.7070000000003,1080.5536,383.84658886718717,0.0,28.06570841889117,20-30,-0.5509440673285081,55.09440673285081
28CB7A72,49603c2f-1b2b-457f-b82e-fed8bded1d3d,Meta,1,572.6949999999997,1118.2096,545.5145947265628,1.0,53.46748802190281,50-60,-0.9525394734964049,95.25394734964048
6199F97A,49603c2f-1b2b-457f-b82e-fed8bded1d3d,Meta,1,749.0750000000007,1346.6016,597.5265624999993,0.0,37.87542778918549,30-40,-0.7976858948734277,79.76858948734277
DYBC9A76,49603c2f-1b2b-457f-b82e-fed8bded1d3d,Meta,1,671.0550000000003,1110.8065,439.7515185546872,0.0,19.003422313483917,<20,-0.655313674586097,65.53136745860971
DYD91C53,49603c2f-1b2b-457f-b82e-fed8bded1d3d,Meta,1,1520.7849999999999,573.5976,947.1874047851561,0.0,22.198494182067076,20-30,0.6228279501456999,62.28279501456999
13F64122,49603c2f-1b2b-457f-b82e-fed8bded1d3d,Meta,2,686.4570000000003,1555.5881,869.1311347656247,0.0,36.20807665982204,30-40,-1.2661115459519134,126.61115459519135
69D83387,49603c2f-1b2b-457f-b82e-fed8bded1d3d,Meta,2,1522.652,755.5347,767.1172709960938,1.0,51.290896646132786,50-60,0.5038034104262106,50.380341042621055
784173Y2,49603c2f-1b2b-457f-b82e-fed8bded1d3d,Meta,2,654.2870000000003,1522.4755,868.1884638671872,0.0,44.69267624914442,40-50,-1.3269229902783701,132.692299027837
7YYYYD86,49603c2f-1b2b-457f-b82e-fed8bded1d3d,Meta,2,784.4290000000001,1589.6879,805.2588662109374,0.0,60.02464065708419,60+,-1.0265541753101723,102.65541753101724
7ZBC537F,49603c2f-1b2b-457f-b82e-fed8bded1d3d,Meta,2,775.735999999999,1164.3561,388.62007910156353,1.0,52.62149212867899,50-60,-0.500969503285389,50.0969503285389
8925FD53,49603c2f-1b2b-457f-b82e-fed8bded1d3d,Meta,2,740.4539999999997,1118.7771,378.3230996093753,0.0,52.714579055441476,50-60,-0.5109339663212589,51.09339663212589
A92AY414,49603c2f-1b2b-457f-b82e-fed8bded1d3d,Meta,2,655.139000000001,1002.5969,347.45792382812397,0.0,25.308692676249144,20-30,-0.5303575627428162,53.03575627428162
DYBC9A76,49603c2f-1b2b-457f-b82e-fed8bded1d3d,Meta,2,671.0550000000003,1370.6476,699.5925830078122,0.0,19.003422313483917,<20,-1.0425264426392553,104.25264426392553
DYD91C53,49603c2f-1b2b-457f-b82e-fed8bded1d3d,Meta,2,1520.7849999999999,570.3043,950.4806787109374,0.0,22.198494182067076,20-30,0.6249934593554933,62.499345935549336
L94781D8,49603c2f-1b2b-457f-b82e-fed8bded1d3d,Meta,2,545.1449999999986,932.0923,386.9472851562514,0.0,18.546201232032853,<20,-0.7098061698198574,70.98061698198575
Y2FF5ZZ5,49603c2f-1b2b-457f-b82e-fed8bded1d3d,Meta,2,667.8780000000006,1920.2623,1252.384329101562,0.0,40.67898699520876,40-50,-1.875169308206576,187.5169308206576
YZC594Z5,49603c2f-1b2b-457f-b82e-fed8bded1d3d,Meta,2,709.273000000001,1676.9839,967.710886718749,1.0,38.92402464065709,30-40,-1.364370116096873,136.43701160968732
8CY31198,49603c2f-1b2b-457f-b82e-fed8bded1d3d,Meta,3,702.7849999999999,1622.2474,919.4624365234376,0.0,45.30047912388775,40-50,-1.3083125496633043,130.83125496633045
93BZF2FB,49603c2f-1b2b-457f-b82e-fed8bded1d3d,Meta,3,1615.2869999999984,756.81195,858.4750493164047,0.0,46.74880219028063,40-50,0.5314690508776065,53.14690508776066
978DF6F5,49603c2f-1b2b-457f-b82e-fed8bded1d3d,Meta,3,791.2530000000006,1209.9705,418.7174589843744,1.0,27.27173169062286,20-30,-0.5291827752377448,52.918277523774485
9B49A7FC,49603c2f-1b2b-457f-b82e-fed8bded1d3d,Meta,3,698.0259999999998,1481.701,783.6750498046877,0.0,49.66461327857632,40-50,-1.1227018029156306,112.27018029156307
B566B91B,49603c2f-1b2b-457f-b82e-fed8bded1d3d,Meta,3,427.08799999999974,671.48706,244.39906054687526,0.0,31.274469541409992,30-40,-0.5722452046759221,57.224520467592214
DYBC9A76,49603c2f-1b2b-457f-b82e-fed8bded1d3d,Meta,3,671.0550000000003,1279.8109,608.7559130859372,0.0,19.003422313483917,<20,-0.9071624713008241,90.71624713008241
DYD91C53,49603c2f-1b2b-457f-b82e-fed8bded1d3d,Meta,3,1520.7849999999999,568.2414,952.5436059570311,0.0,22.198494182067076,20-30,0.6263499477774184,62.63499477774184
DYY89BF8,49603c2f-1b2b-457f-b82e-fed8bded1d3d,Meta,3,650.4930000000004,979.0575,328.5644951171871,0.0,50.88569472963724,50-60,-0.5051007383816369,50.51007383816369
FCBA52YZ,49603c2f-1b2b-457f-b82e-fed8bded1d3d,Meta,3,801.2220000000016,1209.4993,408.2772675781234,0.0,31.60574948665298,30-40,-0.5095682183821143,50.95682183821143
FZB271FC,49603c2f-1b2b-457f-b82e-fed8bded1d3d,Meta,3,867.9850000000006,1757.3558,889.3708349609369,0.0,36.15605749486653,30-40,-1.0246384833105386,102.46384833105387
L5384444,49603c2f-1b2b-457f-b82e-fed8bded1d3d,Meta,3,819.3769999999986,1494.344,674.9669941406264,0.0,19.329226557152634,<20,-0.8237563335520417,82.37563335520417
YZC594Z5,49603c2f-1b2b-457f-b82e-fed8bded1d3d,Meta,3,709.273000000001,1191.6571,482.38410449218645,1.0,38.92402464065709,30-40,-0.6801106256858432,68.01106256858432
46C28YZ7,49603c2f-1b2b-457f-b82e-fed8bded1d3d,Meta,4,1644.1949999999997,578.0797,1066.1152880859372,0.0,30.8145106091718,30-40,0.6484117075149393,64.84117075149392
6181685Z,49603c2f-1b2b-457f-b82e-fed8bded1d3d,Meta,4,7586.074000000002,716.77783,6869.296167968752,1.0,25.828884325804243,20-30,0.9055139940716681,90.55139940716681
69D83387,49603c2f-1b2b-457f-b82e-fed8bded1d3d,Meta,4,1522.652,752.9622,769.6897807617188,1.0,51.290896646132786,50-60,0.5054929033398478,50.54929033398478
9AY83525,49603c2f-1b2b-457f-b82e-fed8bded1d3d,Meta,4,719.6720000000005,1098.8445,379.1724824218745,0.0,19.1129363449692,<20,-0.526868464932644,52.686846493264405
DYY89BF8,49603c2f-1b2b-457f-b82e-fed8bded1d3d,Meta,4,650.4930000000004,1000.21875,349.7257499999996,0.0,50.88569472963724,50-60,-0.5376318414838708,53.763184148387076
L94781D8,49603c2f-1b2b-457f-b82e-fed8bded1d3d,Meta,4,545.1449999999986,928.58044,383.4354443359389,0.0,18.546201232032853,<20,-0.7033641391420186,70.33641391420186
171DFZY3,49603c2f-1b2b-457f-b82e-fed8bded1d3d,Meta,5,1309.027,623.6874,685.3396220703125,0.0,18.99794661190965,<20,0.5235488813804173,52.35488813804173
46C28YZ7,49603c2f-1b2b-457f-b82e-fed8bded1d3d,Meta,5,1644.1949999999997,579.50476,1064.6902392578122,0.0,30.8145106091718,30-40,0.647544992297305,64.7544992297305
85A35C6C,49603c2f-1b2b-457f-b82e-fed8bded1d3d,Meta,5,533.5319999999992,1457.8281,924.2961250000008,0.0,22.05612594113621,20-30,-1.7324099084358429,173.24099084358429
C279DB3C,49603c2f-1b2b-457f-b82e-fed8bded1d3d,Meta,5,615.4399999999987,928.47156,313.0315576171888,0.0,43.83846680355921,40-50,-0.5086305035560883,50.86305035560883
