DF,Race,Event,Columna,Tipo,Missing
athletes_events_df,72a81045-fb27-43e6-a201-b1d42be42fac,Maratón Silla de Ruedas,auto_category,Vacio,1.0
athletes_events_df,c9ddd2cc-1f02-4469-82cb-a0627e1b82fc,3b18fc30-9b18-4377-9074-ef32ab07b317_13940,auto_category,Vacio,1.0
athletes_events_df,c9ddd2cc-1f02-4469-82cb-a0627e1b82fc,Marató,auto_category,Vacio,1.0
athletes_events_df,72a81045-fb27-43e6-a201-b1d42be42fac,Maratón Silla de Ruedas,auto_chip,Vacio,1.0
athletes_events_df,c9ddd2cc-1f02-4469-82cb-a0627e1b82fc,3b18fc30-9b18-4377-9074-ef32ab07b317_13940,auto_chip,Vacio,1.0
athletes_events_df,c9ddd2cc-1f02-4469-82cb-a0627e1b82fc,Marató,auto_chip,Vacio,1.0
athletes_events_df,c9ddd2cc-1f02-4469-82cb-a0627e1b82fc,3b18fc30-9b18-4377-9074-ef32ab07b317_13940,category,Vacio,1.0
athletes_events_df,c9ddd2cc-1f02-4469-82cb-a0627e1b82fc,3b18fc30-9b18-4377-9074-ef32ab07b317_13940,category,Outlier,1.0
athletes_events_df,c9ddd2cc-1f02-4469-82cb-a0627e1b82fc,Marató,category,Outlier,0.0012197747004376591
athletes_events_df,c9ddd2cc-1f02-4469-82cb-a0627e1b82fc,3b18fc30-9b18-4377-9074-ef32ab07b317_13940,gunTime,Vacio,1.0
athletes_events_df,c9ddd2cc-1f02-4469-82cb-a0627e1b82fc,3b18fc30-9b18-4377-9074-ef32ab07b317_13940,gunTime,Outlier,1.0
athletes_events_df,c9ddd2cc-1f02-4469-82cb-a0627e1b82fc,3b18fc30-9b18-4377-9074-ef32ab07b317_13940,gunTimeModeConfig_wave,Vacio,1.0
athletes_events_df,c9ddd2cc-1f02-4469-82cb-a0627e1b82fc,3b18fc30-9b18-4377-9074-ef32ab07b317_13940,gunTimeModeConfig_wave,Outlier,1.0
athletes_events_df,c9ddd2cc-1f02-4469-82cb-a0627e1b82fc,3b18fc30-9b18-4377-9074-ef32ab07b317_13940,startNetTime,Vacio,1.0
athletes_events_df,72a81045-fb27-43e6-a201-b1d42be42fac,Maratón Silla de Ruedas,startNetTime,Outlier,0.3157894736842105
athletes_events_df,c9ddd2cc-1f02-4469-82cb-a0627e1b82fc,3b18fc30-9b18-4377-9074-ef32ab07b317_13940,startNetTime,Outlier,1.0
athletes_events_df,c9ddd2cc-1f02-4469-82cb-a0627e1b82fc,3b18fc30-9b18-4377-9074-ef32ab07b317_13940,startRawTime,Vacio,1.0
athletes_events_df,72a81045-fb27-43e6-a201-b1d42be42fac,Maratón Silla de Ruedas,startRawTime,Outlier,0.3157894736842105
athletes_events_df,c9ddd2cc-1f02-4469-82cb-a0627e1b82fc,3b18fc30-9b18-4377-9074-ef32ab07b317_13940,startRawTime,Outlier,1.0
athletes_events_df,c9ddd2cc-1f02-4469-82cb-a0627e1b82fc,3b18fc30-9b18-4377-9074-ef32ab07b317_13940,startTime,Vacio,1.0
athletes_events_df,72a81045-fb27-43e6-a201-b1d42be42fac,Maratón Silla de Ruedas,startTime,Outlier,0.3157894736842105
athletes_events_df,c9ddd2cc-1f02-4469-82cb-a0627e1b82fc,3b18fc30-9b18-4377-9074-ef32ab07b317_13940,startTime,Outlier,1.0
athletes_events_df,609139b1-d6bd-4553-ac89-2f648787a60d,Maratón Silla de Ruedas,team,Vacio,1.0
athletes_events_df,609139b1-d6bd-4553-ac89-2f648787a60d,Maratón,team,Outlier,0.5128830366577257
athletes_events_df,609139b1-d6bd-4553-ac89-2f648787a60d,Maratón Silla de Ruedas,team,Outlier,1.0
athletes_events_df,c9ddd2cc-1f02-4469-82cb-a0627e1b82fc,3b18fc30-9b18-4377-9074-ef32ab07b317_13940,event_std,Vacio,1.0
athletes_events_df,d221bcb0-4242-4ad9-aa5d-706446341917,Campionat de Catalunya,event_std,Vacio,1.0
athletes_events_df,c9ddd2cc-1f02-4469-82cb-a0627e1b82fc,3b18fc30-9b18-4377-9074-ef32ab07b317_13940,event_std,Outlier,1.0
athletes_events_df,d221bcb0-4242-4ad9-aa5d-706446341917,Campionat de Catalunya,event_std,Outlier,1.0
athletes_events_df,c9ddd2cc-1f02-4469-82cb-a0627e1b82fc,3b18fc30-9b18-4377-9074-ef32ab07b317_13940,startNetTime_td,Vacio,1.0
athletes_events_df,72a81045-fb27-43e6-a201-b1d42be42fac,Maratón Silla de Ruedas,startNetTime_td,Outlier,0.3157894736842105
athletes_events_df,c9ddd2cc-1f02-4469-82cb-a0627e1b82fc,3b18fc30-9b18-4377-9074-ef32ab07b317_13940,startNetTime_td,Outlier,1.0
athletes_events_df,c9ddd2cc-1f02-4469-82cb-a0627e1b82fc,3b18fc30-9b18-4377-9074-ef32ab07b317_13940,startTime_td,Vacio,1.0
athletes_events_df,72a81045-fb27-43e6-a201-b1d42be42fac,Maratón Silla de Ruedas,startTime_td,Outlier,0.3157894736842105
athletes_events_df,c9ddd2cc-1f02-4469-82cb-a0627e1b82fc,3b18fc30-9b18-4377-9074-ef32ab07b317_13940,startTime_td,Outlier,1.0
athletes_time_df,af5c5746-04e8-42ab-9610-b12f0d9125b1,Maratón Silla de Ruedas,incidence,Vacio,1.0
athletes_time_df,d221bcb0-4242-4ad9-aa5d-706446341917,Campionat de Catalunya,incidence,Vacio,1.0
athletes_time_df,609139b1-d6bd-4553-ac89-2f648787a60d,Maratón Silla de Ruedas,incidence,Outlier,0.9915966386554622
athletes_time_df,72a81045-fb27-43e6-a201-b1d42be42fac,Maratón Silla de Ruedas,incidence,Outlier,0.9723756906077348
athletes_time_df,609139b1-d6bd-4553-ac89-2f648787a60d,Maratón Silla de Ruedas,isBackup,Vacio,1.0
athletes_time_df,af5c5746-04e8-42ab-9610-b12f0d9125b1,Maratón Silla de Ruedas,isBackup,Vacio,1.0
athletes_time_df,d221bcb0-4242-4ad9-aa5d-706446341917,Campionat de Catalunya,isBackup,Vacio,1.0
athletes_time_df,72a81045-fb27-43e6-a201-b1d42be42fac,Maratón Silla de Ruedas,isBackup,Outlier,0.9834254143646409
athletes_time_df,609139b1-d6bd-4553-ac89-2f648787a60d,Maratón Silla de Ruedas,offset,Vacio,1.0
athletes_time_df,af5c5746-04e8-42ab-9610-b12f0d9125b1,Maratón Silla de Ruedas,offset,Vacio,1.0
athletes_time_df,d221bcb0-4242-4ad9-aa5d-706446341917,Campionat de Catalunya,offset,Vacio,1.0
athletes_time_df,72a81045-fb27-43e6-a201-b1d42be42fac,Maratón Silla de Ruedas,offset,Outlier,0.9834254143646409
athletes_time_df,d221bcb0-4242-4ad9-aa5d-706446341917,Campionat de Catalunya,event_std,Vacio,1.0
athletes_time_df,d221bcb0-4242-4ad9-aa5d-706446341917,Campionat de Catalunya,event_std,Outlier,1.0
issues_df,d221bcb0-4242-4ad9-aa5d-706446341917,Campionat de Catalunya,event_std,Vacio,1.0
issues_df,d221bcb0-4242-4ad9-aa5d-706446341917,Campionat de Catalunya,event_std,Outlier,1.0
issues_data_df,49603c2f-1b2b-457f-b82e-fed8bded1d3d,Mitja,data_Camiseta Finisher,Vacio,1.0
issues_data_df,49603c2f-1b2b-457f-b82e-fed8bded1d3d,independiente,data_Camiseta Finisher,Vacio,1.0
issues_data_df,609139b1-d6bd-4553-ac89-2f648787a60d,Maratón,data_Camiseta Finisher,Vacio,1.0
issues_data_df,609139b1-d6bd-4553-ac89-2f648787a60d,Maratón Silla de Ruedas,data_Camiseta Finisher,Vacio,1.0
issues_data_df,609139b1-d6bd-4553-ac89-2f648787a60d,independiente,data_Camiseta Finisher,Vacio,1.0
issues_data_df,72a81045-fb27-43e6-a201-b1d42be42fac,Maratón,data_Camiseta Finisher,Vacio,1.0
issues_data_df,72a81045-fb27-43e6-a201-b1d42be42fac,independiente,data_Camiseta Finisher,Vacio,1.0
issues_data_df,af5c5746-04e8-42ab-9610-b12f0d9125b1,Maratón Silla de Ruedas,data_Camiseta Finisher,Vacio,1.0
issues_data_df,af5c5746-04e8-42ab-9610-b12f0d9125b1,independiente,data_Camiseta Finisher,Vacio,1.0
issues_data_df,c9ddd2cc-1f02-4469-82cb-a0627e1b82fc,independiente,data_Camiseta Finisher,Vacio,1.0
issues_data_df,d221bcb0-4242-4ad9-aa5d-706446341917,Campionat de Catalunya,data_Camiseta Finisher,Vacio,1.0
issues_data_df,d221bcb0-4242-4ad9-aa5d-706446341917,Marato,data_Camiseta Finisher,Vacio,1.0
issues_data_df,d221bcb0-4242-4ad9-aa5d-706446341917,independiente,data_Camiseta Finisher,Vacio,1.0
issues_data_df,af5c5746-04e8-42ab-9610-b12f0d9125b1,Maratón,data_Camiseta Finisher,Outlier,0.9987627145467363
issues_data_df,49603c2f-1b2b-457f-b82e-fed8bded1d3d,Mitja,data_Camiseta entregada,Vacio,1.0
issues_data_df,49603c2f-1b2b-457f-b82e-fed8bded1d3d,independiente,data_Camiseta entregada,Vacio,1.0
issues_data_df,609139b1-d6bd-4553-ac89-2f648787a60d,Maratón,data_Camiseta entregada,Vacio,1.0
issues_data_df,609139b1-d6bd-4553-ac89-2f648787a60d,Maratón Silla de Ruedas,data_Camiseta entregada,Vacio,1.0
issues_data_df,609139b1-d6bd-4553-ac89-2f648787a60d,independiente,data_Camiseta entregada,Vacio,1.0
issues_data_df,72a81045-fb27-43e6-a201-b1d42be42fac,Maratón,data_Camiseta entregada,Vacio,1.0
issues_data_df,72a81045-fb27-43e6-a201-b1d42be42fac,independiente,data_Camiseta entregada,Vacio,1.0
issues_data_df,af5c5746-04e8-42ab-9610-b12f0d9125b1,Maratón,data_Camiseta entregada,Vacio,1.0
issues_data_df,af5c5746-04e8-42ab-9610-b12f0d9125b1,Maratón Silla de Ruedas,data_Camiseta entregada,Vacio,1.0
issues_data_df,c9ddd2cc-1f02-4469-82cb-a0627e1b82fc,independiente,data_Camiseta entregada,Vacio,1.0
issues_data_df,d221bcb0-4242-4ad9-aa5d-706446341917,Campionat de Catalunya,data_Camiseta entregada,Vacio,1.0
issues_data_df,d221bcb0-4242-4ad9-aa5d-706446341917,Marato,data_Camiseta entregada,Vacio,1.0
issues_data_df,d221bcb0-4242-4ad9-aa5d-706446341917,independiente,data_Camiseta entregada,Vacio,1.0
issues_data_df,af5c5746-04e8-42ab-9610-b12f0d9125b1,independiente,data_Camiseta entregada,Outlier,0.912662613584363
issues_data_df,49603c2f-1b2b-457f-b82e-fed8bded1d3d,Mitja,data_Código Postal,Vacio,1.0
issues_data_df,49603c2f-1b2b-457f-b82e-fed8bded1d3d,independiente,data_Código Postal,Vacio,1.0
issues_data_df,609139b1-d6bd-4553-ac89-2f648787a60d,Maratón,data_Código Postal,Vacio,1.0
issues_data_df,609139b1-d6bd-4553-ac89-2f648787a60d,Maratón Silla de Ruedas,data_Código Postal,Vacio,1.0
issues_data_df,72a81045-fb27-43e6-a201-b1d42be42fac,Maratón,data_Código Postal,Vacio,1.0
issues_data_df,72a81045-fb27-43e6-a201-b1d42be42fac,independiente,data_Código Postal,Vacio,1.0
issues_data_df,af5c5746-04e8-42ab-9610-b12f0d9125b1,Maratón,data_Código Postal,Vacio,1.0
issues_data_df,af5c5746-04e8-42ab-9610-b12f0d9125b1,Maratón Silla de Ruedas,data_Código Postal,Vacio,1.0
issues_data_df,af5c5746-04e8-42ab-9610-b12f0d9125b1,independiente,data_Código Postal,Vacio,1.0
issues_data_df,c9ddd2cc-1f02-4469-82cb-a0627e1b82fc,independiente,data_Código Postal,Vacio,1.0
issues_data_df,d221bcb0-4242-4ad9-aa5d-706446341917,Campionat de Catalunya,data_Código Postal,Vacio,1.0
issues_data_df,d221bcb0-4242-4ad9-aa5d-706446341917,Marato,data_Código Postal,Vacio,1.0
issues_data_df,d221bcb0-4242-4ad9-aa5d-706446341917,independiente,data_Código Postal,Vacio,1.0
issues_data_df,609139b1-d6bd-4553-ac89-2f648787a60d,independiente,data_Código Postal,Outlier,0.9974025974025974
issues_data_df,49603c2f-1b2b-457f-b82e-fed8bded1d3d,Mitja,data_Dorsal entregado,Vacio,1.0
issues_data_df,49603c2f-1b2b-457f-b82e-fed8bded1d3d,independiente,data_Dorsal entregado,Vacio,1.0
issues_data_df,609139b1-d6bd-4553-ac89-2f648787a60d,Maratón,data_Dorsal entregado,Vacio,1.0
issues_data_df,609139b1-d6bd-4553-ac89-2f648787a60d,Maratón Silla de Ruedas,data_Dorsal entregado,Vacio,1.0
issues_data_df,609139b1-d6bd-4553-ac89-2f648787a60d,independiente,data_Dorsal entregado,Vacio,1.0
issues_data_df,72a81045-fb27-43e6-a201-b1d42be42fac,Maratón,data_Dorsal entregado,Vacio,1.0
issues_data_df,72a81045-fb27-43e6-a201-b1d42be42fac,independiente,data_Dorsal entregado,Vacio,1.0
issues_data_df,af5c5746-04e8-42ab-9610-b12f0d9125b1,Maratón,data_Dorsal entregado,Vacio,1.0
issues_data_df,af5c5746-04e8-42ab-9610-b12f0d9125b1,Maratón Silla de Ruedas,data_Dorsal entregado,Vacio,1.0
issues_data_df,c9ddd2cc-1f02-4469-82cb-a0627e1b82fc,independiente,data_Dorsal entregado,Vacio,1.0
issues_data_df,d221bcb0-4242-4ad9-aa5d-706446341917,Campionat de Catalunya,data_Dorsal entregado,Vacio,1.0
issues_data_df,d221bcb0-4242-4ad9-aa5d-706446341917,Marato,data_Dorsal entregado,Vacio,1.0
issues_data_df,d221bcb0-4242-4ad9-aa5d-706446341917,independiente,data_Dorsal entregado,Vacio,1.0
issues_data_df,af5c5746-04e8-42ab-9610-b12f0d9125b1,independiente,data_Dorsal entregado,Outlier,0.1982087991109368
issues_data_df,49603c2f-1b2b-457f-b82e-fed8bded1d3d,Mitja,data_EPC,Vacio,1.0
issues_data_df,49603c2f-1b2b-457f-b82e-fed8bded1d3d,independiente,data_EPC,Vacio,1.0
issues_data_df,609139b1-d6bd-4553-ac89-2f648787a60d,Maratón,data_EPC,Vacio,1.0
issues_data_df,609139b1-d6bd-4553-ac89-2f648787a60d,Maratón Silla de Ruedas,data_EPC,Vacio,1.0
issues_data_df,609139b1-d6bd-4553-ac89-2f648787a60d,independiente,data_EPC,Vacio,1.0
issues_data_df,72a81045-fb27-43e6-a201-b1d42be42fac,Maratón,data_EPC,Vacio,1.0
issues_data_df,72a81045-fb27-43e6-a201-b1d42be42fac,independiente,data_EPC,Vacio,1.0
issues_data_df,af5c5746-04e8-42ab-9610-b12f0d9125b1,Maratón,data_EPC,Vacio,1.0
issues_data_df,af5c5746-04e8-42ab-9610-b12f0d9125b1,Maratón Silla de Ruedas,data_EPC,Vacio,1.0
issues_data_df,af5c5746-04e8-42ab-9610-b12f0d9125b1,independiente,data_EPC,Vacio,1.0
issues_data_df,c9ddd2cc-1f02-4469-82cb-a0627e1b82fc,independiente,data_EPC,Vacio,1.0
issues_data_df,d221bcb0-4242-4ad9-aa5d-706446341917,Campionat de Catalunya,data_EPC,Vacio,1.0
issues_data_df,d221bcb0-4242-4ad9-aa5d-706446341917,Marato,data_EPC,Vacio,1.0
issues_data_df,d221bcb0-4242-4ad9-aa5d-706446341917,independiente,data_EPC,Outlier,0.9996893376234328
issues_data_df,49603c2f-1b2b-457f-b82e-fed8bded1d3d,Mitja,data_Email,Vacio,1.0
issues_data_df,49603c2f-1b2b-457f-b82e-fed8bded1d3d,independiente,data_Email,Vacio,1.0
issues_data_df,609139b1-d6bd-4553-ac89-2f648787a60d,Maratón,data_Email,Vacio,1.0
issues_data_df,609139b1-d6bd-4553-ac89-2f648787a60d,Maratón Silla de Ruedas,data_Email,Vacio,1.0
issues_data_df,609139b1-d6bd-4553-ac89-2f648787a60d,independiente,data_Email,Vacio,1.0
issues_data_df,72a81045-fb27-43e6-a201-b1d42be42fac,Maratón,data_Email,Vacio,1.0
issues_data_df,af5c5746-04e8-42ab-9610-b12f0d9125b1,Maratón,data_Email,Vacio,1.0
issues_data_df,af5c5746-04e8-42ab-9610-b12f0d9125b1,Maratón Silla de Ruedas,data_Email,Vacio,1.0
issues_data_df,af5c5746-04e8-42ab-9610-b12f0d9125b1,independiente,data_Email,Vacio,1.0
issues_data_df,c9ddd2cc-1f02-4469-82cb-a0627e1b82fc,independiente,data_Email,Vacio,1.0
issues_data_df,d221bcb0-4242-4ad9-aa5d-706446341917,Campionat de Catalunya,data_Email,Vacio,1.0
issues_data_df,d221bcb0-4242-4ad9-aa5d-706446341917,Marato,data_Email,Vacio,1.0
issues_data_df,d221bcb0-4242-4ad9-aa5d-706446341917,independiente,data_Email,Vacio,1.0
issues_data_df,72a81045-fb27-43e6-a201-b1d42be42fac,independiente,data_Email,Outlier,0.9999021334899197
issues_data_df,49603c2f-1b2b-457f-b82e-fed8bded1d3d,Mitja,data_Federado,Vacio,1.0
issues_data_df,49603c2f-1b2b-457f-b82e-fed8bded1d3d,independiente,data_Federado,Vacio,1.0
issues_data_df,609139b1-d6bd-4553-ac89-2f648787a60d,Maratón,data_Federado,Vacio,1.0
issues_data_df,609139b1-d6bd-4553-ac89-2f648787a60d,Maratón Silla de Ruedas,data_Federado,Vacio,1.0
issues_data_df,609139b1-d6bd-4553-ac89-2f648787a60d,independiente,data_Federado,Vacio,1.0
issues_data_df,72a81045-fb27-43e6-a201-b1d42be42fac,Maratón,data_Federado,Vacio,1.0
issues_data_df,72a81045-fb27-43e6-a201-b1d42be42fac,independiente,data_Federado,Vacio,1.0
issues_data_df,af5c5746-04e8-42ab-9610-b12f0d9125b1,Maratón,data_Federado,Vacio,1.0
issues_data_df,af5c5746-04e8-42ab-9610-b12f0d9125b1,Maratón Silla de Ruedas,data_Federado,Vacio,1.0
issues_data_df,af5c5746-04e8-42ab-9610-b12f0d9125b1,independiente,data_Federado,Vacio,1.0
issues_data_df,c9ddd2cc-1f02-4469-82cb-a0627e1b82fc,independiente,data_Federado,Vacio,1.0
issues_data_df,d221bcb0-4242-4ad9-aa5d-706446341917,Campionat de Catalunya,data_Federado,Vacio,1.0
issues_data_df,d221bcb0-4242-4ad9-aa5d-706446341917,Marato,data_Federado,Vacio,1.0
issues_data_df,d221bcb0-4242-4ad9-aa5d-706446341917,independiente,data_Federado,Outlier,0.929590591368024
issues_data_df,49603c2f-1b2b-457f-b82e-fed8bded1d3d,Mitja,data_LOCALIZADOR,Vacio,1.0
issues_data_df,49603c2f-1b2b-457f-b82e-fed8bded1d3d,independiente,data_LOCALIZADOR,Vacio,1.0
issues_data_df,609139b1-d6bd-4553-ac89-2f648787a60d,Maratón,data_LOCALIZADOR,Vacio,1.0
issues_data_df,609139b1-d6bd-4553-ac89-2f648787a60d,Maratón Silla de Ruedas,data_LOCALIZADOR,Vacio,1.0
issues_data_df,609139b1-d6bd-4553-ac89-2f648787a60d,independiente,data_LOCALIZADOR,Vacio,1.0
issues_data_df,72a81045-fb27-43e6-a201-b1d42be42fac,Maratón,data_LOCALIZADOR,Vacio,1.0
issues_data_df,72a81045-fb27-43e6-a201-b1d42be42fac,independiente,data_LOCALIZADOR,Vacio,1.0
issues_data_df,af5c5746-04e8-42ab-9610-b12f0d9125b1,Maratón,data_LOCALIZADOR,Vacio,1.0
issues_data_df,af5c5746-04e8-42ab-9610-b12f0d9125b1,Maratón Silla de Ruedas,data_LOCALIZADOR,Vacio,1.0
issues_data_df,af5c5746-04e8-42ab-9610-b12f0d9125b1,independiente,data_LOCALIZADOR,Vacio,1.0
issues_data_df,c9ddd2cc-1f02-4469-82cb-a0627e1b82fc,independiente,data_LOCALIZADOR,Vacio,1.0
issues_data_df,d221bcb0-4242-4ad9-aa5d-706446341917,Campionat de Catalunya,data_LOCALIZADOR,Vacio,1.0
issues_data_df,d221bcb0-4242-4ad9-aa5d-706446341917,Marato,data_LOCALIZADOR,Vacio,1.0
issues_data_df,d221bcb0-4242-4ad9-aa5d-706446341917,independiente,data_LOCALIZADOR,Outlier,0.9999778098302452
issues_data_df,49603c2f-1b2b-457f-b82e-fed8bded1d3d,Mitja,data_Language,Vacio,1.0
issues_data_df,49603c2f-1b2b-457f-b82e-fed8bded1d3d,independiente,data_Language,Vacio,1.0
issues_data_df,609139b1-d6bd-4553-ac89-2f648787a60d,Maratón,data_Language,Vacio,1.0
issues_data_df,609139b1-d6bd-4553-ac89-2f648787a60d,Maratón Silla de Ruedas,data_Language,Vacio,1.0
issues_data_df,72a81045-fb27-43e6-a201-b1d42be42fac,Maratón,data_Language,Vacio,1.0
issues_data_df,72a81045-fb27-43e6-a201-b1d42be42fac,independiente,data_Language,Vacio,1.0
issues_data_df,af5c5746-04e8-42ab-9610-b12f0d9125b1,Maratón Silla de Ruedas,data_Language,Vacio,1.0
issues_data_df,c9ddd2cc-1f02-4469-82cb-a0627e1b82fc,independiente,data_Language,Vacio,1.0
issues_data_df,d221bcb0-4242-4ad9-aa5d-706446341917,Campionat de Catalunya,data_Language,Vacio,1.0
issues_data_df,d221bcb0-4242-4ad9-aa5d-706446341917,Marato,data_Language,Vacio,1.0
issues_data_df,d221bcb0-4242-4ad9-aa5d-706446341917,independiente,data_Language,Vacio,1.0
issues_data_df,609139b1-d6bd-4553-ac89-2f648787a60d,independiente,data_Language,Outlier,0.9558441558441558
issues_data_df,af5c5746-04e8-42ab-9610-b12f0d9125b1,Maratón,data_Language,Outlier,0.8024947127627433
issues_data_df,af5c5746-04e8-42ab-9610-b12f0d9125b1,independiente,data_Language,Outlier,0.99084787866902
issues_data_df,49603c2f-1b2b-457f-b82e-fed8bded1d3d,Mitja,data_Licencia,Vacio,1.0
issues_data_df,609139b1-d6bd-4553-ac89-2f648787a60d,Maratón,data_Licencia,Vacio,1.0
issues_data_df,609139b1-d6bd-4553-ac89-2f648787a60d,Maratón Silla de Ruedas,data_Licencia,Vacio,1.0
issues_data_df,609139b1-d6bd-4553-ac89-2f648787a60d,independiente,data_Licencia,Vacio,1.0
issues_data_df,72a81045-fb27-43e6-a201-b1d42be42fac,Maratón,data_Licencia,Vacio,1.0
issues_data_df,72a81045-fb27-43e6-a201-b1d42be42fac,independiente,data_Licencia,Vacio,1.0
issues_data_df,af5c5746-04e8-42ab-9610-b12f0d9125b1,Maratón,data_Licencia,Vacio,1.0
issues_data_df,af5c5746-04e8-42ab-9610-b12f0d9125b1,Maratón Silla de Ruedas,data_Licencia,Vacio,1.0
issues_data_df,af5c5746-04e8-42ab-9610-b12f0d9125b1,independiente,data_Licencia,Vacio,1.0
issues_data_df,c9ddd2cc-1f02-4469-82cb-a0627e1b82fc,independiente,data_Licencia,Vacio,1.0
issues_data_df,d221bcb0-4242-4ad9-aa5d-706446341917,Campionat de Catalunya,data_Licencia,Vacio,1.0
issues_data_df,d221bcb0-4242-4ad9-aa5d-706446341917,Marato,data_Licencia,Vacio,1.0
issues_data_df,d221bcb0-4242-4ad9-aa5d-706446341917,independiente,data_Licencia,Vacio,1.0
issues_data_df,49603c2f-1b2b-457f-b82e-fed8bded1d3d,independiente,data_Licencia,Outlier,0.7402997653435568
issues_data_df,49603c2f-1b2b-457f-b82e-fed8bded1d3d,Mitja,data_Localidad,Vacio,1.0
issues_data_df,49603c2f-1b2b-457f-b82e-fed8bded1d3d,independiente,data_Localidad,Vacio,1.0
issues_data_df,609139b1-d6bd-4553-ac89-2f648787a60d,Maratón,data_Localidad,Vacio,1.0
issues_data_df,609139b1-d6bd-4553-ac89-2f648787a60d,Maratón Silla de Ruedas,data_Localidad,Vacio,1.0
issues_data_df,72a81045-fb27-43e6-a201-b1d42be42fac,Maratón,data_Localidad,Vacio,1.0
issues_data_df,72a81045-fb27-43e6-a201-b1d42be42fac,independiente,data_Localidad,Vacio,1.0
issues_data_df,af5c5746-04e8-42ab-9610-b12f0d9125b1,Maratón,data_Localidad,Vacio,1.0
issues_data_df,af5c5746-04e8-42ab-9610-b12f0d9125b1,Maratón Silla de Ruedas,data_Localidad,Vacio,1.0
issues_data_df,af5c5746-04e8-42ab-9610-b12f0d9125b1,independiente,data_Localidad,Vacio,1.0
issues_data_df,c9ddd2cc-1f02-4469-82cb-a0627e1b82fc,independiente,data_Localidad,Vacio,1.0
issues_data_df,d221bcb0-4242-4ad9-aa5d-706446341917,Campionat de Catalunya,data_Localidad,Vacio,1.0
issues_data_df,d221bcb0-4242-4ad9-aa5d-706446341917,Marato,data_Localidad,Vacio,1.0
issues_data_df,d221bcb0-4242-4ad9-aa5d-706446341917,independiente,data_Localidad,Vacio,1.0
issues_data_df,609139b1-d6bd-4553-ac89-2f648787a60d,independiente,data_Localidad,Outlier,0.987012987012987
issues_data_df,49603c2f-1b2b-457f-b82e-fed8bded1d3d,Mitja,data_Medal,Vacio,1.0
issues_data_df,49603c2f-1b2b-457f-b82e-fed8bded1d3d,independiente,data_Medal,Vacio,1.0
issues_data_df,609139b1-d6bd-4553-ac89-2f648787a60d,Maratón,data_Medal,Vacio,1.0
issues_data_df,609139b1-d6bd-4553-ac89-2f648787a60d,Maratón Silla de Ruedas,data_Medal,Vacio,1.0
issues_data_df,609139b1-d6bd-4553-ac89-2f648787a60d,independiente,data_Medal,Vacio,1.0
issues_data_df,72a81045-fb27-43e6-a201-b1d42be42fac,Maratón,data_Medal,Vacio,1.0
issues_data_df,72a81045-fb27-43e6-a201-b1d42be42fac,independiente,data_Medal,Vacio,1.0
issues_data_df,af5c5746-04e8-42ab-9610-b12f0d9125b1,Maratón,data_Medal,Vacio,1.0
issues_data_df,af5c5746-04e8-42ab-9610-b12f0d9125b1,Maratón Silla de Ruedas,data_Medal,Vacio,1.0
issues_data_df,af5c5746-04e8-42ab-9610-b12f0d9125b1,independiente,data_Medal,Vacio,1.0
issues_data_df,c9ddd2cc-1f02-4469-82cb-a0627e1b82fc,independiente,data_Medal,Vacio,1.0
issues_data_df,d221bcb0-4242-4ad9-aa5d-706446341917,Campionat de Catalunya,data_Medal,Vacio,1.0
issues_data_df,d221bcb0-4242-4ad9-aa5d-706446341917,independiente,data_Medal,Vacio,1.0
issues_data_df,d221bcb0-4242-4ad9-aa5d-706446341917,Marato,data_Medal,Outlier,0.9999879120480617
issues_data_df,49603c2f-1b2b-457f-b82e-fed8bded1d3d,Mitja,data_Message,Vacio,1.0
issues_data_df,49603c2f-1b2b-457f-b82e-fed8bded1d3d,independiente,data_Message,Vacio,1.0
issues_data_df,609139b1-d6bd-4553-ac89-2f648787a60d,Maratón,data_Message,Vacio,1.0
issues_data_df,609139b1-d6bd-4553-ac89-2f648787a60d,Maratón Silla de Ruedas,data_Message,Vacio,1.0
issues_data_df,609139b1-d6bd-4553-ac89-2f648787a60d,independiente,data_Message,Vacio,1.0
issues_data_df,72a81045-fb27-43e6-a201-b1d42be42fac,Maratón,data_Message,Vacio,1.0
issues_data_df,72a81045-fb27-43e6-a201-b1d42be42fac,independiente,data_Message,Vacio,1.0
issues_data_df,af5c5746-04e8-42ab-9610-b12f0d9125b1,Maratón,data_Message,Vacio,1.0
issues_data_df,af5c5746-04e8-42ab-9610-b12f0d9125b1,Maratón Silla de Ruedas,data_Message,Vacio,1.0
issues_data_df,af5c5746-04e8-42ab-9610-b12f0d9125b1,independiente,data_Message,Vacio,1.0
issues_data_df,c9ddd2cc-1f02-4469-82cb-a0627e1b82fc,independiente,data_Message,Vacio,1.0
issues_data_df,d221bcb0-4242-4ad9-aa5d-706446341917,Campionat de Catalunya,data_Message,Vacio,1.0
issues_data_df,d221bcb0-4242-4ad9-aa5d-706446341917,Marato,data_Message,Vacio,1.0
issues_data_df,d221bcb0-4242-4ad9-aa5d-706446341917,independiente,data_Message,Outlier,0.9996227671141684
issues_data_df,49603c2f-1b2b-457f-b82e-fed8bded1d3d,Mitja,data_PAIS,Vacio,1.0
issues_data_df,49603c2f-1b2b-457f-b82e-fed8bded1d3d,independiente,data_PAIS,Vacio,1.0
issues_data_df,609139b1-d6bd-4553-ac89-2f648787a60d,Maratón,data_PAIS,Vacio,1.0
issues_data_df,609139b1-d6bd-4553-ac89-2f648787a60d,Maratón Silla de Ruedas,data_PAIS,Vacio,1.0
issues_data_df,609139b1-d6bd-4553-ac89-2f648787a60d,independiente,data_PAIS,Vacio,1.0
issues_data_df,72a81045-fb27-43e6-a201-b1d42be42fac,Maratón,data_PAIS,Vacio,1.0
issues_data_df,72a81045-fb27-43e6-a201-b1d42be42fac,independiente,data_PAIS,Vacio,1.0
issues_data_df,af5c5746-04e8-42ab-9610-b12f0d9125b1,Maratón,data_PAIS,Vacio,1.0
issues_data_df,af5c5746-04e8-42ab-9610-b12f0d9125b1,Maratón Silla de Ruedas,data_PAIS,Vacio,1.0
issues_data_df,af5c5746-04e8-42ab-9610-b12f0d9125b1,independiente,data_PAIS,Vacio,1.0
issues_data_df,c9ddd2cc-1f02-4469-82cb-a0627e1b82fc,independiente,data_PAIS,Vacio,1.0
issues_data_df,d221bcb0-4242-4ad9-aa5d-706446341917,Campionat de Catalunya,data_PAIS,Vacio,1.0
issues_data_df,d221bcb0-4242-4ad9-aa5d-706446341917,Marato,data_PAIS,Vacio,1.0
issues_data_df,d221bcb0-4242-4ad9-aa5d-706446341917,independiente,data_PAIS,Outlier,0.9999112393209808
issues_data_df,49603c2f-1b2b-457f-b82e-fed8bded1d3d,Mitja,data_PAÍS,Vacio,1.0
issues_data_df,49603c2f-1b2b-457f-b82e-fed8bded1d3d,independiente,data_PAÍS,Vacio,1.0
issues_data_df,609139b1-d6bd-4553-ac89-2f648787a60d,Maratón,data_PAÍS,Vacio,1.0
issues_data_df,609139b1-d6bd-4553-ac89-2f648787a60d,Maratón Silla de Ruedas,data_PAÍS,Vacio,1.0
issues_data_df,609139b1-d6bd-4553-ac89-2f648787a60d,independiente,data_PAÍS,Vacio,1.0
issues_data_df,72a81045-fb27-43e6-a201-b1d42be42fac,Maratón,data_PAÍS,Vacio,1.0
issues_data_df,72a81045-fb27-43e6-a201-b1d42be42fac,independiente,data_PAÍS,Vacio,1.0
issues_data_df,af5c5746-04e8-42ab-9610-b12f0d9125b1,Maratón,data_PAÍS,Vacio,1.0
issues_data_df,af5c5746-04e8-42ab-9610-b12f0d9125b1,Maratón Silla de Ruedas,data_PAÍS,Vacio,1.0
issues_data_df,af5c5746-04e8-42ab-9610-b12f0d9125b1,independiente,data_PAÍS,Vacio,1.0
issues_data_df,c9ddd2cc-1f02-4469-82cb-a0627e1b82fc,independiente,data_PAÍS,Vacio,1.0
issues_data_df,d221bcb0-4242-4ad9-aa5d-706446341917,Campionat de Catalunya,data_PAÍS,Vacio,1.0
issues_data_df,d221bcb0-4242-4ad9-aa5d-706446341917,Marato,data_PAÍS,Vacio,1.0
issues_data_df,d221bcb0-4242-4ad9-aa5d-706446341917,independiente,data_PAÍS,Outlier,0.9997559081326972
issues_data_df,49603c2f-1b2b-457f-b82e-fed8bded1d3d,Mitja,data_PAíS,Vacio,1.0
issues_data_df,49603c2f-1b2b-457f-b82e-fed8bded1d3d,independiente,data_PAíS,Vacio,1.0
issues_data_df,609139b1-d6bd-4553-ac89-2f648787a60d,Maratón,data_PAíS,Vacio,1.0
issues_data_df,609139b1-d6bd-4553-ac89-2f648787a60d,Maratón Silla de Ruedas,data_PAíS,Vacio,1.0
issues_data_df,609139b1-d6bd-4553-ac89-2f648787a60d,independiente,data_PAíS,Vacio,1.0
issues_data_df,72a81045-fb27-43e6-a201-b1d42be42fac,Maratón,data_PAíS,Vacio,1.0
issues_data_df,72a81045-fb27-43e6-a201-b1d42be42fac,independiente,data_PAíS,Vacio,1.0
issues_data_df,af5c5746-04e8-42ab-9610-b12f0d9125b1,Maratón,data_PAíS,Vacio,1.0
issues_data_df,af5c5746-04e8-42ab-9610-b12f0d9125b1,Maratón Silla de Ruedas,data_PAíS,Vacio,1.0
issues_data_df,af5c5746-04e8-42ab-9610-b12f0d9125b1,independiente,data_PAíS,Vacio,1.0
issues_data_df,c9ddd2cc-1f02-4469-82cb-a0627e1b82fc,independiente,data_PAíS,Vacio,1.0
issues_data_df,d221bcb0-4242-4ad9-aa5d-706446341917,Campionat de Catalunya,data_PAíS,Vacio,1.0
issues_data_df,d221bcb0-4242-4ad9-aa5d-706446341917,Marato,data_PAíS,Vacio,1.0
issues_data_df,d221bcb0-4242-4ad9-aa5d-706446341917,independiente,data_PAíS,Outlier,0.9999556196604904
issues_data_df,49603c2f-1b2b-457f-b82e-fed8bded1d3d,Mitja,data_Pais,Vacio,1.0
issues_data_df,49603c2f-1b2b-457f-b82e-fed8bded1d3d,independiente,data_Pais,Vacio,1.0
issues_data_df,609139b1-d6bd-4553-ac89-2f648787a60d,Maratón,data_Pais,Vacio,1.0
issues_data_df,609139b1-d6bd-4553-ac89-2f648787a60d,Maratón Silla de Ruedas,data_Pais,Vacio,1.0
issues_data_df,72a81045-fb27-43e6-a201-b1d42be42fac,Maratón,data_Pais,Vacio,1.0
issues_data_df,af5c5746-04e8-42ab-9610-b12f0d9125b1,Maratón,data_Pais,Vacio,1.0
issues_data_df,af5c5746-04e8-42ab-9610-b12f0d9125b1,Maratón Silla de Ruedas,data_Pais,Vacio,1.0
issues_data_df,af5c5746-04e8-42ab-9610-b12f0d9125b1,independiente,data_Pais,Vacio,1.0
issues_data_df,c9ddd2cc-1f02-4469-82cb-a0627e1b82fc,independiente,data_Pais,Vacio,1.0
issues_data_df,d221bcb0-4242-4ad9-aa5d-706446341917,Campionat de Catalunya,data_Pais,Vacio,1.0
issues_data_df,d221bcb0-4242-4ad9-aa5d-706446341917,Marato,data_Pais,Vacio,1.0
issues_data_df,d221bcb0-4242-4ad9-aa5d-706446341917,independiente,data_Pais,Vacio,1.0
issues_data_df,609139b1-d6bd-4553-ac89-2f648787a60d,independiente,data_Pais,Outlier,0.987012987012987
issues_data_df,72a81045-fb27-43e6-a201-b1d42be42fac,independiente,data_Pais,Outlier,0.9999021334899197
issues_data_df,49603c2f-1b2b-457f-b82e-fed8bded1d3d,Mitja,data_País de residencia,Vacio,1.0
issues_data_df,49603c2f-1b2b-457f-b82e-fed8bded1d3d,independiente,data_País de residencia,Vacio,1.0
issues_data_df,609139b1-d6bd-4553-ac89-2f648787a60d,Maratón,data_País de residencia,Vacio,1.0
issues_data_df,609139b1-d6bd-4553-ac89-2f648787a60d,Maratón Silla de Ruedas,data_País de residencia,Vacio,1.0
issues_data_df,72a81045-fb27-43e6-a201-b1d42be42fac,Maratón,data_País de residencia,Vacio,1.0
issues_data_df,af5c5746-04e8-42ab-9610-b12f0d9125b1,Maratón,data_País de residencia,Vacio,1.0
issues_data_df,af5c5746-04e8-42ab-9610-b12f0d9125b1,Maratón Silla de Ruedas,data_País de residencia,Vacio,1.0
issues_data_df,af5c5746-04e8-42ab-9610-b12f0d9125b1,independiente,data_País de residencia,Vacio,1.0
issues_data_df,c9ddd2cc-1f02-4469-82cb-a0627e1b82fc,independiente,data_País de residencia,Vacio,1.0
issues_data_df,d221bcb0-4242-4ad9-aa5d-706446341917,Campionat de Catalunya,data_País de residencia,Vacio,1.0
issues_data_df,d221bcb0-4242-4ad9-aa5d-706446341917,Marato,data_País de residencia,Vacio,1.0
issues_data_df,d221bcb0-4242-4ad9-aa5d-706446341917,independiente,data_País de residencia,Vacio,1.0
issues_data_df,609139b1-d6bd-4553-ac89-2f648787a60d,independiente,data_País de residencia,Outlier,0.9922077922077922
issues_data_df,72a81045-fb27-43e6-a201-b1d42be42fac,independiente,data_País de residencia,Outlier,0.9999510667449599
issues_data_df,49603c2f-1b2b-457f-b82e-fed8bded1d3d,Mitja,data_Pers Contacto,Vacio,1.0
issues_data_df,49603c2f-1b2b-457f-b82e-fed8bded1d3d,independiente,data_Pers Contacto,Vacio,1.0
issues_data_df,609139b1-d6bd-4553-ac89-2f648787a60d,Maratón,data_Pers Contacto,Vacio,1.0
issues_data_df,609139b1-d6bd-4553-ac89-2f648787a60d,Maratón Silla de Ruedas,data_Pers Contacto,Vacio,1.0
issues_data_df,609139b1-d6bd-4553-ac89-2f648787a60d,independiente,data_Pers Contacto,Vacio,1.0
issues_data_df,72a81045-fb27-43e6-a201-b1d42be42fac,Maratón,data_Pers Contacto,Vacio,1.0
issues_data_df,af5c5746-04e8-42ab-9610-b12f0d9125b1,Maratón,data_Pers Contacto,Vacio,1.0
issues_data_df,af5c5746-04e8-42ab-9610-b12f0d9125b1,Maratón Silla de Ruedas,data_Pers Contacto,Vacio,1.0
issues_data_df,af5c5746-04e8-42ab-9610-b12f0d9125b1,independiente,data_Pers Contacto,Vacio,1.0
issues_data_df,c9ddd2cc-1f02-4469-82cb-a0627e1b82fc,independiente,data_Pers Contacto,Vacio,1.0
issues_data_df,d221bcb0-4242-4ad9-aa5d-706446341917,Campionat de Catalunya,data_Pers Contacto,Vacio,1.0
issues_data_df,d221bcb0-4242-4ad9-aa5d-706446341917,Marato,data_Pers Contacto,Vacio,1.0
issues_data_df,d221bcb0-4242-4ad9-aa5d-706446341917,independiente,data_Pers Contacto,Vacio,1.0
issues_data_df,72a81045-fb27-43e6-a201-b1d42be42fac,independiente,data_Pers Contacto,Outlier,0.9999510667449599
issues_data_df,49603c2f-1b2b-457f-b82e-fed8bded1d3d,Mitja,data_Pic,Vacio,1.0
issues_data_df,49603c2f-1b2b-457f-b82e-fed8bded1d3d,independiente,data_Pic,Vacio,1.0
issues_data_df,609139b1-d6bd-4553-ac89-2f648787a60d,Maratón,data_Pic,Vacio,1.0
issues_data_df,609139b1-d6bd-4553-ac89-2f648787a60d,Maratón Silla de Ruedas,data_Pic,Vacio,1.0
issues_data_df,609139b1-d6bd-4553-ac89-2f648787a60d,independiente,data_Pic,Vacio,1.0
issues_data_df,72a81045-fb27-43e6-a201-b1d42be42fac,Maratón,data_Pic,Vacio,1.0
issues_data_df,72a81045-fb27-43e6-a201-b1d42be42fac,independiente,data_Pic,Vacio,1.0
issues_data_df,af5c5746-04e8-42ab-9610-b12f0d9125b1,Maratón,data_Pic,Vacio,1.0
issues_data_df,af5c5746-04e8-42ab-9610-b12f0d9125b1,Maratón Silla de Ruedas,data_Pic,Vacio,1.0
issues_data_df,af5c5746-04e8-42ab-9610-b12f0d9125b1,independiente,data_Pic,Vacio,1.0
issues_data_df,c9ddd2cc-1f02-4469-82cb-a0627e1b82fc,independiente,data_Pic,Vacio,1.0
issues_data_df,d221bcb0-4242-4ad9-aa5d-706446341917,Campionat de Catalunya,data_Pic,Vacio,1.0
issues_data_df,d221bcb0-4242-4ad9-aa5d-706446341917,Marato,data_Pic,Vacio,1.0
issues_data_df,d221bcb0-4242-4ad9-aa5d-706446341917,independiente,data_Pic,Outlier,0.999667147453678
issues_data_df,49603c2f-1b2b-457f-b82e-fed8bded1d3d,Mitja,data_Provincia,Vacio,1.0
issues_data_df,49603c2f-1b2b-457f-b82e-fed8bded1d3d,independiente,data_Provincia,Vacio,1.0
issues_data_df,609139b1-d6bd-4553-ac89-2f648787a60d,Maratón,data_Provincia,Vacio,1.0
issues_data_df,609139b1-d6bd-4553-ac89-2f648787a60d,Maratón Silla de Ruedas,data_Provincia,Vacio,1.0
issues_data_df,72a81045-fb27-43e6-a201-b1d42be42fac,Maratón,data_Provincia,Vacio,1.0
issues_data_df,72a81045-fb27-43e6-a201-b1d42be42fac,independiente,data_Provincia,Vacio,1.0
issues_data_df,af5c5746-04e8-42ab-9610-b12f0d9125b1,Maratón,data_Provincia,Vacio,1.0
issues_data_df,af5c5746-04e8-42ab-9610-b12f0d9125b1,Maratón Silla de Ruedas,data_Provincia,Vacio,1.0
issues_data_df,c9ddd2cc-1f02-4469-82cb-a0627e1b82fc,independiente,data_Provincia,Vacio,1.0
issues_data_df,d221bcb0-4242-4ad9-aa5d-706446341917,Campionat de Catalunya,data_Provincia,Vacio,1.0
issues_data_df,d221bcb0-4242-4ad9-aa5d-706446341917,Marato,data_Provincia,Vacio,1.0
issues_data_df,d221bcb0-4242-4ad9-aa5d-706446341917,independiente,data_Provincia,Vacio,1.0
issues_data_df,609139b1-d6bd-4553-ac89-2f648787a60d,independiente,data_Provincia,Outlier,0.9896103896103896
issues_data_df,af5c5746-04e8-42ab-9610-b12f0d9125b1,independiente,data_Provincia,Outlier,0.9999346277047787
issues_data_df,49603c2f-1b2b-457f-b82e-fed8bded1d3d,Mitja,data_TALLA,Vacio,1.0
issues_data_df,49603c2f-1b2b-457f-b82e-fed8bded1d3d,independiente,data_TALLA,Vacio,1.0
issues_data_df,609139b1-d6bd-4553-ac89-2f648787a60d,Maratón,data_TALLA,Vacio,1.0
issues_data_df,609139b1-d6bd-4553-ac89-2f648787a60d,Maratón Silla de Ruedas,data_TALLA,Vacio,1.0
issues_data_df,72a81045-fb27-43e6-a201-b1d42be42fac,Maratón,data_TALLA,Vacio,1.0
issues_data_df,72a81045-fb27-43e6-a201-b1d42be42fac,independiente,data_TALLA,Vacio,1.0
issues_data_df,af5c5746-04e8-42ab-9610-b12f0d9125b1,Maratón,data_TALLA,Vacio,1.0
issues_data_df,af5c5746-04e8-42ab-9610-b12f0d9125b1,Maratón Silla de Ruedas,data_TALLA,Vacio,1.0
issues_data_df,af5c5746-04e8-42ab-9610-b12f0d9125b1,independiente,data_TALLA,Vacio,1.0
issues_data_df,c9ddd2cc-1f02-4469-82cb-a0627e1b82fc,independiente,data_TALLA,Vacio,1.0
issues_data_df,d221bcb0-4242-4ad9-aa5d-706446341917,Campionat de Catalunya,data_TALLA,Vacio,1.0
issues_data_df,d221bcb0-4242-4ad9-aa5d-706446341917,Marato,data_TALLA,Vacio,1.0
issues_data_df,d221bcb0-4242-4ad9-aa5d-706446341917,independiente,data_TALLA,Vacio,1.0
issues_data_df,609139b1-d6bd-4553-ac89-2f648787a60d,independiente,data_TALLA,Outlier,0.9948051948051948
issues_data_df,49603c2f-1b2b-457f-b82e-fed8bded1d3d,Mitja,data_TIEMPO ESTIMADO,Vacio,1.0
issues_data_df,609139b1-d6bd-4553-ac89-2f648787a60d,Maratón,data_TIEMPO ESTIMADO,Vacio,1.0
issues_data_df,609139b1-d6bd-4553-ac89-2f648787a60d,Maratón Silla de Ruedas,data_TIEMPO ESTIMADO,Vacio,1.0
issues_data_df,609139b1-d6bd-4553-ac89-2f648787a60d,independiente,data_TIEMPO ESTIMADO,Vacio,1.0
issues_data_df,72a81045-fb27-43e6-a201-b1d42be42fac,Maratón,data_TIEMPO ESTIMADO,Vacio,1.0
issues_data_df,72a81045-fb27-43e6-a201-b1d42be42fac,independiente,data_TIEMPO ESTIMADO,Vacio,1.0
issues_data_df,af5c5746-04e8-42ab-9610-b12f0d9125b1,Maratón,data_TIEMPO ESTIMADO,Vacio,1.0
issues_data_df,af5c5746-04e8-42ab-9610-b12f0d9125b1,Maratón Silla de Ruedas,data_TIEMPO ESTIMADO,Vacio,1.0
issues_data_df,af5c5746-04e8-42ab-9610-b12f0d9125b1,independiente,data_TIEMPO ESTIMADO,Vacio,1.0
issues_data_df,c9ddd2cc-1f02-4469-82cb-a0627e1b82fc,independiente,data_TIEMPO ESTIMADO,Vacio,1.0
issues_data_df,d221bcb0-4242-4ad9-aa5d-706446341917,Campionat de Catalunya,data_TIEMPO ESTIMADO,Vacio,1.0
issues_data_df,d221bcb0-4242-4ad9-aa5d-706446341917,Marato,data_TIEMPO ESTIMADO,Vacio,1.0
issues_data_df,d221bcb0-4242-4ad9-aa5d-706446341917,independiente,data_TIEMPO ESTIMADO,Vacio,1.0
issues_data_df,49603c2f-1b2b-457f-b82e-fed8bded1d3d,independiente,data_TIEMPO ESTIMADO,Outlier,0.9955464851108834
issues_data_df,49603c2f-1b2b-457f-b82e-fed8bded1d3d,Mitja,data_Talla,Vacio,1.0
issues_data_df,49603c2f-1b2b-457f-b82e-fed8bded1d3d,independiente,data_Talla,Vacio,1.0
issues_data_df,609139b1-d6bd-4553-ac89-2f648787a60d,Maratón,data_Talla,Vacio,1.0
issues_data_df,609139b1-d6bd-4553-ac89-2f648787a60d,Maratón Silla de Ruedas,data_Talla,Vacio,1.0
issues_data_df,609139b1-d6bd-4553-ac89-2f648787a60d,independiente,data_Talla,Vacio,1.0
issues_data_df,72a81045-fb27-43e6-a201-b1d42be42fac,Maratón,data_Talla,Vacio,1.0
issues_data_df,72a81045-fb27-43e6-a201-b1d42be42fac,independiente,data_Talla,Vacio,1.0
issues_data_df,af5c5746-04e8-42ab-9610-b12f0d9125b1,Maratón,data_Talla,Vacio,1.0
issues_data_df,af5c5746-04e8-42ab-9610-b12f0d9125b1,Maratón Silla de Ruedas,data_Talla,Vacio,1.0
issues_data_df,c9ddd2cc-1f02-4469-82cb-a0627e1b82fc,independiente,data_Talla,Vacio,1.0
issues_data_df,d221bcb0-4242-4ad9-aa5d-706446341917,Campionat de Catalunya,data_Talla,Vacio,1.0
issues_data_df,d221bcb0-4242-4ad9-aa5d-706446341917,Marato,data_Talla,Vacio,1.0
issues_data_df,d221bcb0-4242-4ad9-aa5d-706446341917,independiente,data_Talla,Vacio,1.0
issues_data_df,af5c5746-04e8-42ab-9610-b12f0d9125b1,independiente,data_Talla,Outlier,0.9999346277047787
issues_data_df,49603c2f-1b2b-457f-b82e-fed8bded1d3d,Mitja,data_Telf Emergencia,Vacio,1.0
issues_data_df,49603c2f-1b2b-457f-b82e-fed8bded1d3d,independiente,data_Telf Emergencia,Vacio,1.0
issues_data_df,609139b1-d6bd-4553-ac89-2f648787a60d,Maratón,data_Telf Emergencia,Vacio,1.0
issues_data_df,609139b1-d6bd-4553-ac89-2f648787a60d,Maratón Silla de Ruedas,data_Telf Emergencia,Vacio,1.0
issues_data_df,609139b1-d6bd-4553-ac89-2f648787a60d,independiente,data_Telf Emergencia,Vacio,1.0
issues_data_df,72a81045-fb27-43e6-a201-b1d42be42fac,Maratón,data_Telf Emergencia,Vacio,1.0
issues_data_df,af5c5746-04e8-42ab-9610-b12f0d9125b1,Maratón,data_Telf Emergencia,Vacio,1.0
issues_data_df,af5c5746-04e8-42ab-9610-b12f0d9125b1,Maratón Silla de Ruedas,data_Telf Emergencia,Vacio,1.0
issues_data_df,c9ddd2cc-1f02-4469-82cb-a0627e1b82fc,independiente,data_Telf Emergencia,Vacio,1.0
issues_data_df,d221bcb0-4242-4ad9-aa5d-706446341917,Campionat de Catalunya,data_Telf Emergencia,Vacio,1.0
issues_data_df,d221bcb0-4242-4ad9-aa5d-706446341917,Marato,data_Telf Emergencia,Vacio,1.0
issues_data_df,d221bcb0-4242-4ad9-aa5d-706446341917,independiente,data_Telf Emergencia,Vacio,1.0
issues_data_df,72a81045-fb27-43e6-a201-b1d42be42fac,independiente,data_Telf Emergencia,Outlier,0.9999021334899197
issues_data_df,af5c5746-04e8-42ab-9610-b12f0d9125b1,independiente,data_Telf Emergencia,Outlier,0.9998692554095574
issues_data_df,49603c2f-1b2b-457f-b82e-fed8bded1d3d,Mitja,data_Teléfono emergencia,Vacio,1.0
issues_data_df,49603c2f-1b2b-457f-b82e-fed8bded1d3d,independiente,data_Teléfono emergencia,Vacio,1.0
issues_data_df,609139b1-d6bd-4553-ac89-2f648787a60d,Maratón,data_Teléfono emergencia,Vacio,1.0
issues_data_df,609139b1-d6bd-4553-ac89-2f648787a60d,Maratón Silla de Ruedas,data_Teléfono emergencia,Vacio,1.0
issues_data_df,72a81045-fb27-43e6-a201-b1d42be42fac,Maratón,data_Teléfono emergencia,Vacio,1.0
issues_data_df,72a81045-fb27-43e6-a201-b1d42be42fac,independiente,data_Teléfono emergencia,Vacio,1.0
issues_data_df,af5c5746-04e8-42ab-9610-b12f0d9125b1,Maratón,data_Teléfono emergencia,Vacio,1.0
issues_data_df,af5c5746-04e8-42ab-9610-b12f0d9125b1,Maratón Silla de Ruedas,data_Teléfono emergencia,Vacio,1.0
issues_data_df,af5c5746-04e8-42ab-9610-b12f0d9125b1,independiente,data_Teléfono emergencia,Vacio,1.0
issues_data_df,c9ddd2cc-1f02-4469-82cb-a0627e1b82fc,independiente,data_Teléfono emergencia,Vacio,1.0
issues_data_df,d221bcb0-4242-4ad9-aa5d-706446341917,Campionat de Catalunya,data_Teléfono emergencia,Vacio,1.0
issues_data_df,d221bcb0-4242-4ad9-aa5d-706446341917,Marato,data_Teléfono emergencia,Vacio,1.0
issues_data_df,d221bcb0-4242-4ad9-aa5d-706446341917,independiente,data_Teléfono emergencia,Vacio,1.0
issues_data_df,609139b1-d6bd-4553-ac89-2f648787a60d,independiente,data_Teléfono emergencia,Outlier,0.9948051948051948
issues_data_df,49603c2f-1b2b-457f-b82e-fed8bded1d3d,Mitja,data_UNIVERSIDAD,Vacio,1.0
issues_data_df,49603c2f-1b2b-457f-b82e-fed8bded1d3d,independiente,data_UNIVERSIDAD,Vacio,1.0
issues_data_df,609139b1-d6bd-4553-ac89-2f648787a60d,Maratón,data_UNIVERSIDAD,Vacio,1.0
issues_data_df,609139b1-d6bd-4553-ac89-2f648787a60d,Maratón Silla de Ruedas,data_UNIVERSIDAD,Vacio,1.0
issues_data_df,609139b1-d6bd-4553-ac89-2f648787a60d,independiente,data_UNIVERSIDAD,Vacio,1.0
issues_data_df,72a81045-fb27-43e6-a201-b1d42be42fac,Maratón,data_UNIVERSIDAD,Vacio,1.0
issues_data_df,72a81045-fb27-43e6-a201-b1d42be42fac,independiente,data_UNIVERSIDAD,Vacio,1.0
issues_data_df,af5c5746-04e8-42ab-9610-b12f0d9125b1,Maratón,data_UNIVERSIDAD,Vacio,1.0
issues_data_df,af5c5746-04e8-42ab-9610-b12f0d9125b1,Maratón Silla de Ruedas,data_UNIVERSIDAD,Vacio,1.0
issues_data_df,af5c5746-04e8-42ab-9610-b12f0d9125b1,independiente,data_UNIVERSIDAD,Vacio,1.0
issues_data_df,c9ddd2cc-1f02-4469-82cb-a0627e1b82fc,independiente,data_UNIVERSIDAD,Vacio,1.0
issues_data_df,d221bcb0-4242-4ad9-aa5d-706446341917,Campionat de Catalunya,data_UNIVERSIDAD,Vacio,1.0
issues_data_df,d221bcb0-4242-4ad9-aa5d-706446341917,Marato,data_UNIVERSIDAD,Outlier,0.9997703289131722
issues_data_df,d221bcb0-4242-4ad9-aa5d-706446341917,independiente,data_UNIVERSIDAD,Outlier,0.9987351603239765
issues_data_df,49603c2f-1b2b-457f-b82e-fed8bded1d3d,Mitja,data_ZURICH,Vacio,1.0
issues_data_df,49603c2f-1b2b-457f-b82e-fed8bded1d3d,independiente,data_ZURICH,Vacio,1.0
issues_data_df,609139b1-d6bd-4553-ac89-2f648787a60d,Maratón,data_ZURICH,Vacio,1.0
issues_data_df,609139b1-d6bd-4553-ac89-2f648787a60d,Maratón Silla de Ruedas,data_ZURICH,Vacio,1.0
issues_data_df,609139b1-d6bd-4553-ac89-2f648787a60d,independiente,data_ZURICH,Vacio,1.0
issues_data_df,72a81045-fb27-43e6-a201-b1d42be42fac,Maratón,data_ZURICH,Vacio,1.0
issues_data_df,72a81045-fb27-43e6-a201-b1d42be42fac,independiente,data_ZURICH,Vacio,1.0
issues_data_df,af5c5746-04e8-42ab-9610-b12f0d9125b1,Maratón,data_ZURICH,Vacio,1.0
issues_data_df,af5c5746-04e8-42ab-9610-b12f0d9125b1,Maratón Silla de Ruedas,data_ZURICH,Vacio,1.0
issues_data_df,af5c5746-04e8-42ab-9610-b12f0d9125b1,independiente,data_ZURICH,Vacio,1.0
issues_data_df,c9ddd2cc-1f02-4469-82cb-a0627e1b82fc,independiente,data_ZURICH,Vacio,1.0
issues_data_df,d221bcb0-4242-4ad9-aa5d-706446341917,Campionat de Catalunya,data_ZURICH,Vacio,1.0
issues_data_df,d221bcb0-4242-4ad9-aa5d-706446341917,Marato,data_ZURICH,Vacio,1.0
issues_data_df,d221bcb0-4242-4ad9-aa5d-706446341917,independiente,data_ZURICH,Outlier,0.9845334516809053
issues_data_df,49603c2f-1b2b-457f-b82e-fed8bded1d3d,Mitja,data_birthdate,Vacio,1.0
issues_data_df,609139b1-d6bd-4553-ac89-2f648787a60d,Maratón,data_birthdate,Vacio,1.0
issues_data_df,609139b1-d6bd-4553-ac89-2f648787a60d,Maratón Silla de Ruedas,data_birthdate,Vacio,1.0
issues_data_df,72a81045-fb27-43e6-a201-b1d42be42fac,Maratón,data_birthdate,Vacio,1.0
issues_data_df,af5c5746-04e8-42ab-9610-b12f0d9125b1,Maratón Silla de Ruedas,data_birthdate,Vacio,1.0
issues_data_df,d221bcb0-4242-4ad9-aa5d-706446341917,Campionat de Catalunya,data_birthdate,Vacio,1.0
issues_data_df,d221bcb0-4242-4ad9-aa5d-706446341917,Marato,data_birthdate,Vacio,1.0
issues_data_df,49603c2f-1b2b-457f-b82e-fed8bded1d3d,independiente,data_birthdate,Outlier,0.9968354430379747
issues_data_df,609139b1-d6bd-4553-ac89-2f648787a60d,independiente,data_birthdate,Outlier,0.9714285714285714
issues_data_df,af5c5746-04e8-42ab-9610-b12f0d9125b1,Maratón,data_birthdate,Outlier,0.8025090998028975
issues_data_df,49603c2f-1b2b-457f-b82e-fed8bded1d3d,Mitja,data_category,Vacio,1.0
issues_data_df,49603c2f-1b2b-457f-b82e-fed8bded1d3d,independiente,data_category,Vacio,1.0
issues_data_df,609139b1-d6bd-4553-ac89-2f648787a60d,Maratón,data_category,Vacio,1.0
issues_data_df,609139b1-d6bd-4553-ac89-2f648787a60d,Maratón Silla de Ruedas,data_category,Vacio,1.0
issues_data_df,609139b1-d6bd-4553-ac89-2f648787a60d,independiente,data_category,Vacio,1.0
issues_data_df,72a81045-fb27-43e6-a201-b1d42be42fac,Maratón,data_category,Vacio,1.0
issues_data_df,af5c5746-04e8-42ab-9610-b12f0d9125b1,Maratón,data_category,Vacio,1.0
issues_data_df,af5c5746-04e8-42ab-9610-b12f0d9125b1,Maratón Silla de Ruedas,data_category,Vacio,1.0
issues_data_df,af5c5746-04e8-42ab-9610-b12f0d9125b1,independiente,data_category,Vacio,1.0
issues_data_df,d221bcb0-4242-4ad9-aa5d-706446341917,Campionat de Catalunya,data_category,Vacio,1.0
issues_data_df,d221bcb0-4242-4ad9-aa5d-706446341917,Marato,data_category,Vacio,1.0
issues_data_df,d221bcb0-4242-4ad9-aa5d-706446341917,independiente,data_category,Vacio,1.0
issues_data_df,72a81045-fb27-43e6-a201-b1d42be42fac,independiente,data_category,Outlier,0.9981405363084752
issues_data_df,c9ddd2cc-1f02-4469-82cb-a0627e1b82fc,independiente,data_category,Outlier,0.9976884779516358
issues_data_df,49603c2f-1b2b-457f-b82e-fed8bded1d3d,Mitja,data_club,Vacio,1.0
issues_data_df,609139b1-d6bd-4553-ac89-2f648787a60d,Maratón Silla de Ruedas,data_club,Vacio,1.0
issues_data_df,72a81045-fb27-43e6-a201-b1d42be42fac,Maratón,data_club,Vacio,1.0
issues_data_df,af5c5746-04e8-42ab-9610-b12f0d9125b1,Maratón,data_club,Vacio,1.0
issues_data_df,af5c5746-04e8-42ab-9610-b12f0d9125b1,Maratón Silla de Ruedas,data_club,Vacio,1.0
issues_data_df,c9ddd2cc-1f02-4469-82cb-a0627e1b82fc,independiente,data_club,Vacio,1.0
issues_data_df,d221bcb0-4242-4ad9-aa5d-706446341917,Campionat de Catalunya,data_club,Vacio,1.0
issues_data_df,d221bcb0-4242-4ad9-aa5d-706446341917,Marato,data_club,Vacio,1.0
issues_data_df,609139b1-d6bd-4553-ac89-2f648787a60d,Maratón,data_club,Outlier,0.8667870036101083
issues_data_df,609139b1-d6bd-4553-ac89-2f648787a60d,independiente,data_club,Outlier,0.9506493506493506
issues_data_df,72a81045-fb27-43e6-a201-b1d42be42fac,independiente,data_club,Outlier,0.9982873360735957
issues_data_df,49603c2f-1b2b-457f-b82e-fed8bded1d3d,Mitja,data_comments,Vacio,1.0
issues_data_df,49603c2f-1b2b-457f-b82e-fed8bded1d3d,independiente,data_comments,Vacio,1.0
issues_data_df,609139b1-d6bd-4553-ac89-2f648787a60d,Maratón,data_comments,Vacio,1.0
issues_data_df,609139b1-d6bd-4553-ac89-2f648787a60d,Maratón Silla de Ruedas,data_comments,Vacio,1.0
issues_data_df,72a81045-fb27-43e6-a201-b1d42be42fac,Maratón,data_comments,Vacio,1.0
issues_data_df,af5c5746-04e8-42ab-9610-b12f0d9125b1,Maratón,data_comments,Vacio,1.0
issues_data_df,af5c5746-04e8-42ab-9610-b12f0d9125b1,Maratón Silla de Ruedas,data_comments,Vacio,1.0
issues_data_df,af5c5746-04e8-42ab-9610-b12f0d9125b1,independiente,data_comments,Vacio,1.0
issues_data_df,d221bcb0-4242-4ad9-aa5d-706446341917,Campionat de Catalunya,data_comments,Vacio,1.0
issues_data_df,d221bcb0-4242-4ad9-aa5d-706446341917,independiente,data_comments,Vacio,1.0
issues_data_df,609139b1-d6bd-4553-ac89-2f648787a60d,independiente,data_comments,Outlier,0.9922077922077922
issues_data_df,c9ddd2cc-1f02-4469-82cb-a0627e1b82fc,independiente,data_comments,Outlier,0.9980796586059744
issues_data_df,d221bcb0-4242-4ad9-aa5d-706446341917,Marato,data_comments,Outlier,0.5248226093053054
issues_data_df,49603c2f-1b2b-457f-b82e-fed8bded1d3d,Mitja,data_document,Vacio,1.0
issues_data_df,609139b1-d6bd-4553-ac89-2f648787a60d,Maratón,data_document,Vacio,1.0
issues_data_df,609139b1-d6bd-4553-ac89-2f648787a60d,Maratón Silla de Ruedas,data_document,Vacio,1.0
issues_data_df,72a81045-fb27-43e6-a201-b1d42be42fac,Maratón,data_document,Vacio,1.0
issues_data_df,af5c5746-04e8-42ab-9610-b12f0d9125b1,Maratón,data_document,Vacio,1.0
issues_data_df,af5c5746-04e8-42ab-9610-b12f0d9125b1,Maratón Silla de Ruedas,data_document,Vacio,1.0
issues_data_df,c9ddd2cc-1f02-4469-82cb-a0627e1b82fc,independiente,data_document,Vacio,1.0
issues_data_df,d221bcb0-4242-4ad9-aa5d-706446341917,Campionat de Catalunya,data_document,Vacio,1.0
issues_data_df,d221bcb0-4242-4ad9-aa5d-706446341917,Marato,data_document,Vacio,1.0
issues_data_df,49603c2f-1b2b-457f-b82e-fed8bded1d3d,independiente,data_document,Outlier,0.7402749776911128
issues_data_df,609139b1-d6bd-4553-ac89-2f648787a60d,independiente,data_document,Outlier,0.9766233766233766
issues_data_df,d221bcb0-4242-4ad9-aa5d-706446341917,independiente,data_document,Outlier,0.5631199378675247
issues_data_df,49603c2f-1b2b-457f-b82e-fed8bded1d3d,Mitja,data_dorsal,Vacio,1.0
issues_data_df,49603c2f-1b2b-457f-b82e-fed8bded1d3d,independiente,data_dorsal,Vacio,1.0
issues_data_df,609139b1-d6bd-4553-ac89-2f648787a60d,Maratón,data_dorsal,Vacio,1.0
issues_data_df,609139b1-d6bd-4553-ac89-2f648787a60d,Maratón Silla de Ruedas,data_dorsal,Vacio,1.0
issues_data_df,609139b1-d6bd-4553-ac89-2f648787a60d,independiente,data_dorsal,Vacio,1.0
issues_data_df,72a81045-fb27-43e6-a201-b1d42be42fac,Maratón,data_dorsal,Vacio,1.0
issues_data_df,af5c5746-04e8-42ab-9610-b12f0d9125b1,Maratón,data_dorsal,Vacio,1.0
issues_data_df,af5c5746-04e8-42ab-9610-b12f0d9125b1,Maratón Silla de Ruedas,data_dorsal,Vacio,1.0
issues_data_df,af5c5746-04e8-42ab-9610-b12f0d9125b1,independiente,data_dorsal,Vacio,1.0
issues_data_df,d221bcb0-4242-4ad9-aa5d-706446341917,Campionat de Catalunya,data_dorsal,Vacio,1.0
issues_data_df,d221bcb0-4242-4ad9-aa5d-706446341917,Marato,data_dorsal,Vacio,1.0
issues_data_df,d221bcb0-4242-4ad9-aa5d-706446341917,independiente,data_dorsal,Vacio,1.0
issues_data_df,72a81045-fb27-43e6-a201-b1d42be42fac,independiente,data_dorsal,Outlier,0.9920728126834997
issues_data_df,c9ddd2cc-1f02-4469-82cb-a0627e1b82fc,independiente,data_dorsal,Outlier,0.9999288762446658
issues_data_df,49603c2f-1b2b-457f-b82e-fed8bded1d3d,Mitja,data_e-mail,Vacio,1.0
issues_data_df,49603c2f-1b2b-457f-b82e-fed8bded1d3d,independiente,data_e-mail,Vacio,1.0
issues_data_df,609139b1-d6bd-4553-ac89-2f648787a60d,Maratón,data_e-mail,Vacio,1.0
issues_data_df,609139b1-d6bd-4553-ac89-2f648787a60d,Maratón Silla de Ruedas,data_e-mail,Vacio,1.0
issues_data_df,72a81045-fb27-43e6-a201-b1d42be42fac,Maratón,data_e-mail,Vacio,1.0
issues_data_df,72a81045-fb27-43e6-a201-b1d42be42fac,independiente,data_e-mail,Vacio,1.0
issues_data_df,af5c5746-04e8-42ab-9610-b12f0d9125b1,Maratón Silla de Ruedas,data_e-mail,Vacio,1.0
issues_data_df,c9ddd2cc-1f02-4469-82cb-a0627e1b82fc,independiente,data_e-mail,Vacio,1.0
issues_data_df,d221bcb0-4242-4ad9-aa5d-706446341917,Campionat de Catalunya,data_e-mail,Vacio,1.0
issues_data_df,d221bcb0-4242-4ad9-aa5d-706446341917,Marato,data_e-mail,Vacio,1.0
issues_data_df,609139b1-d6bd-4553-ac89-2f648787a60d,independiente,data_e-mail,Outlier,0.9974025974025974
issues_data_df,af5c5746-04e8-42ab-9610-b12f0d9125b1,Maratón,data_e-mail,Outlier,0.6049894255254866
issues_data_df,d221bcb0-4242-4ad9-aa5d-706446341917,independiente,data_e-mail,Outlier,0.5651614334849662
issues_data_df,49603c2f-1b2b-457f-b82e-fed8bded1d3d,Mitja,data_event,Vacio,1.0
issues_data_df,49603c2f-1b2b-457f-b82e-fed8bded1d3d,independiente,data_event,Vacio,1.0
issues_data_df,609139b1-d6bd-4553-ac89-2f648787a60d,Maratón,data_event,Vacio,1.0
issues_data_df,609139b1-d6bd-4553-ac89-2f648787a60d,Maratón Silla de Ruedas,data_event,Vacio,1.0
issues_data_df,609139b1-d6bd-4553-ac89-2f648787a60d,independiente,data_event,Vacio,1.0
issues_data_df,72a81045-fb27-43e6-a201-b1d42be42fac,Maratón,data_event,Vacio,1.0
issues_data_df,72a81045-fb27-43e6-a201-b1d42be42fac,independiente,data_event,Vacio,1.0
issues_data_df,af5c5746-04e8-42ab-9610-b12f0d9125b1,Maratón,data_event,Vacio,1.0
issues_data_df,af5c5746-04e8-42ab-9610-b12f0d9125b1,Maratón Silla de Ruedas,data_event,Vacio,1.0
issues_data_df,af5c5746-04e8-42ab-9610-b12f0d9125b1,independiente,data_event,Vacio,1.0
issues_data_df,d221bcb0-4242-4ad9-aa5d-706446341917,Campionat de Catalunya,data_event,Vacio,1.0
issues_data_df,d221bcb0-4242-4ad9-aa5d-706446341917,Marato,data_event,Vacio,1.0
issues_data_df,d221bcb0-4242-4ad9-aa5d-706446341917,independiente,data_event,Vacio,1.0
issues_data_df,c9ddd2cc-1f02-4469-82cb-a0627e1b82fc,independiente,data_event,Outlier,0.9991820768136558
issues_data_df,49603c2f-1b2b-457f-b82e-fed8bded1d3d,Mitja,data_gender,Vacio,1.0
issues_data_df,609139b1-d6bd-4553-ac89-2f648787a60d,Maratón Silla de Ruedas,data_gender,Vacio,1.0
issues_data_df,72a81045-fb27-43e6-a201-b1d42be42fac,Maratón,data_gender,Vacio,1.0
issues_data_df,af5c5746-04e8-42ab-9610-b12f0d9125b1,Maratón,data_gender,Vacio,1.0
issues_data_df,af5c5746-04e8-42ab-9610-b12f0d9125b1,Maratón Silla de Ruedas,data_gender,Vacio,1.0
issues_data_df,d221bcb0-4242-4ad9-aa5d-706446341917,Campionat de Catalunya,data_gender,Vacio,1.0
issues_data_df,609139b1-d6bd-4553-ac89-2f648787a60d,independiente,data_gender,Outlier,0.9766233766233766
issues_data_df,49603c2f-1b2b-457f-b82e-fed8bded1d3d,Mitja,data_gunTime,Vacio,1.0
issues_data_df,49603c2f-1b2b-457f-b82e-fed8bded1d3d,independiente,data_gunTime,Vacio,1.0
issues_data_df,609139b1-d6bd-4553-ac89-2f648787a60d,Maratón,data_gunTime,Vacio,1.0
issues_data_df,609139b1-d6bd-4553-ac89-2f648787a60d,Maratón Silla de Ruedas,data_gunTime,Vacio,1.0
issues_data_df,609139b1-d6bd-4553-ac89-2f648787a60d,independiente,data_gunTime,Vacio,1.0
issues_data_df,72a81045-fb27-43e6-a201-b1d42be42fac,Maratón,data_gunTime,Vacio,1.0
issues_data_df,af5c5746-04e8-42ab-9610-b12f0d9125b1,Maratón,data_gunTime,Vacio,1.0
issues_data_df,af5c5746-04e8-42ab-9610-b12f0d9125b1,Maratón Silla de Ruedas,data_gunTime,Vacio,1.0
issues_data_df,af5c5746-04e8-42ab-9610-b12f0d9125b1,independiente,data_gunTime,Vacio,1.0
issues_data_df,d221bcb0-4242-4ad9-aa5d-706446341917,Campionat de Catalunya,data_gunTime,Vacio,1.0
issues_data_df,d221bcb0-4242-4ad9-aa5d-706446341917,Marato,data_gunTime,Vacio,1.0
issues_data_df,d221bcb0-4242-4ad9-aa5d-706446341917,independiente,data_gunTime,Vacio,1.0
issues_data_df,72a81045-fb27-43e6-a201-b1d42be42fac,independiente,data_gunTime,Outlier,0.4352123703268741
issues_data_df,c9ddd2cc-1f02-4469-82cb-a0627e1b82fc,independiente,data_gunTime,Outlier,0.07450213371266001
issues_data_df,49603c2f-1b2b-457f-b82e-fed8bded1d3d,Mitja,data_medical reason,Vacio,1.0
issues_data_df,49603c2f-1b2b-457f-b82e-fed8bded1d3d,independiente,data_medical reason,Vacio,1.0
issues_data_df,609139b1-d6bd-4553-ac89-2f648787a60d,Maratón,data_medical reason,Vacio,1.0
issues_data_df,609139b1-d6bd-4553-ac89-2f648787a60d,Maratón Silla de Ruedas,data_medical reason,Vacio,1.0
issues_data_df,609139b1-d6bd-4553-ac89-2f648787a60d,independiente,data_medical reason,Vacio,1.0
issues_data_df,72a81045-fb27-43e6-a201-b1d42be42fac,Maratón,data_medical reason,Vacio,1.0
issues_data_df,72a81045-fb27-43e6-a201-b1d42be42fac,independiente,data_medical reason,Vacio,1.0
issues_data_df,af5c5746-04e8-42ab-9610-b12f0d9125b1,Maratón,data_medical reason,Vacio,1.0
issues_data_df,af5c5746-04e8-42ab-9610-b12f0d9125b1,Maratón Silla de Ruedas,data_medical reason,Vacio,1.0
issues_data_df,af5c5746-04e8-42ab-9610-b12f0d9125b1,independiente,data_medical reason,Vacio,1.0
issues_data_df,c9ddd2cc-1f02-4469-82cb-a0627e1b82fc,independiente,data_medical reason,Vacio,1.0
issues_data_df,d221bcb0-4242-4ad9-aa5d-706446341917,Campionat de Catalunya,data_medical reason,Vacio,1.0
issues_data_df,d221bcb0-4242-4ad9-aa5d-706446341917,Marato,data_medical reason,Vacio,1.0
issues_data_df,d221bcb0-4242-4ad9-aa5d-706446341917,independiente,data_medical reason,Outlier,0.9998446688117164
issues_data_df,49603c2f-1b2b-457f-b82e-fed8bded1d3d,Mitja,data_name,Vacio,1.0
issues_data_df,609139b1-d6bd-4553-ac89-2f648787a60d,Maratón Silla de Ruedas,data_name,Vacio,1.0
issues_data_df,72a81045-fb27-43e6-a201-b1d42be42fac,Maratón,data_name,Vacio,1.0
issues_data_df,af5c5746-04e8-42ab-9610-b12f0d9125b1,Maratón,data_name,Vacio,1.0
issues_data_df,af5c5746-04e8-42ab-9610-b12f0d9125b1,Maratón Silla de Ruedas,data_name,Vacio,1.0
issues_data_df,d221bcb0-4242-4ad9-aa5d-706446341917,Campionat de Catalunya,data_name,Vacio,1.0
issues_data_df,d221bcb0-4242-4ad9-aa5d-706446341917,Marato,data_name,Vacio,1.0
issues_data_df,609139b1-d6bd-4553-ac89-2f648787a60d,Maratón,data_name,Outlier,0.7229241877256318
issues_data_df,609139b1-d6bd-4553-ac89-2f648787a60d,independiente,data_name,Outlier,0.9376623376623376
issues_data_df,49603c2f-1b2b-457f-b82e-fed8bded1d3d,Mitja,data_nationality,Vacio,1.0
issues_data_df,609139b1-d6bd-4553-ac89-2f648787a60d,Maratón,data_nationality,Vacio,1.0
issues_data_df,609139b1-d6bd-4553-ac89-2f648787a60d,Maratón Silla de Ruedas,data_nationality,Vacio,1.0
issues_data_df,72a81045-fb27-43e6-a201-b1d42be42fac,Maratón,data_nationality,Vacio,1.0
issues_data_df,af5c5746-04e8-42ab-9610-b12f0d9125b1,Maratón,data_nationality,Vacio,1.0
issues_data_df,af5c5746-04e8-42ab-9610-b12f0d9125b1,Maratón Silla de Ruedas,data_nationality,Vacio,1.0
issues_data_df,d221bcb0-4242-4ad9-aa5d-706446341917,Campionat de Catalunya,data_nationality,Vacio,1.0
issues_data_df,d221bcb0-4242-4ad9-aa5d-706446341917,Marato,data_nationality,Vacio,1.0
issues_data_df,49603c2f-1b2b-457f-b82e-fed8bded1d3d,independiente,data_nationality,Outlier,0.4885315794692138
issues_data_df,609139b1-d6bd-4553-ac89-2f648787a60d,independiente,data_nationality,Outlier,0.9272727272727272
issues_data_df,49603c2f-1b2b-457f-b82e-fed8bded1d3d,Mitja,data_phone,Vacio,1.0
issues_data_df,49603c2f-1b2b-457f-b82e-fed8bded1d3d,independiente,data_phone,Vacio,1.0
issues_data_df,609139b1-d6bd-4553-ac89-2f648787a60d,Maratón,data_phone,Vacio,1.0
issues_data_df,609139b1-d6bd-4553-ac89-2f648787a60d,Maratón Silla de Ruedas,data_phone,Vacio,1.0
issues_data_df,72a81045-fb27-43e6-a201-b1d42be42fac,Maratón,data_phone,Vacio,1.0
issues_data_df,af5c5746-04e8-42ab-9610-b12f0d9125b1,Maratón,data_phone,Vacio,1.0
issues_data_df,af5c5746-04e8-42ab-9610-b12f0d9125b1,Maratón Silla de Ruedas,data_phone,Vacio,1.0
issues_data_df,c9ddd2cc-1f02-4469-82cb-a0627e1b82fc,independiente,data_phone,Vacio,1.0
issues_data_df,d221bcb0-4242-4ad9-aa5d-706446341917,Campionat de Catalunya,data_phone,Vacio,1.0
issues_data_df,d221bcb0-4242-4ad9-aa5d-706446341917,Marato,data_phone,Vacio,1.0
issues_data_df,d221bcb0-4242-4ad9-aa5d-706446341917,independiente,data_phone,Vacio,1.0
issues_data_df,609139b1-d6bd-4553-ac89-2f648787a60d,independiente,data_phone,Outlier,0.9948051948051948
issues_data_df,72a81045-fb27-43e6-a201-b1d42be42fac,independiente,data_phone,Outlier,0.9999021334899197
issues_data_df,af5c5746-04e8-42ab-9610-b12f0d9125b1,independiente,data_phone,Outlier,0.9998692554095574
issues_data_df,49603c2f-1b2b-457f-b82e-fed8bded1d3d,Mitja,data_status,Vacio,1.0
issues_data_df,49603c2f-1b2b-457f-b82e-fed8bded1d3d,independiente,data_status,Vacio,1.0
issues_data_df,609139b1-d6bd-4553-ac89-2f648787a60d,Maratón,data_status,Vacio,1.0
issues_data_df,609139b1-d6bd-4553-ac89-2f648787a60d,Maratón Silla de Ruedas,data_status,Vacio,1.0
issues_data_df,609139b1-d6bd-4553-ac89-2f648787a60d,independiente,data_status,Vacio,1.0
issues_data_df,72a81045-fb27-43e6-a201-b1d42be42fac,Maratón,data_status,Vacio,1.0
issues_data_df,af5c5746-04e8-42ab-9610-b12f0d9125b1,Maratón,data_status,Vacio,1.0
issues_data_df,af5c5746-04e8-42ab-9610-b12f0d9125b1,Maratón Silla de Ruedas,data_status,Vacio,1.0
issues_data_df,af5c5746-04e8-42ab-9610-b12f0d9125b1,independiente,data_status,Vacio,1.0
issues_data_df,d221bcb0-4242-4ad9-aa5d-706446341917,Campionat de Catalunya,data_status,Vacio,1.0
issues_data_df,d221bcb0-4242-4ad9-aa5d-706446341917,Marato,data_status,Vacio,1.0
issues_data_df,d221bcb0-4242-4ad9-aa5d-706446341917,independiente,data_status,Vacio,1.0
issues_data_df,72a81045-fb27-43e6-a201-b1d42be42fac,independiente,data_status,Outlier,0.9307105108631826
issues_data_df,c9ddd2cc-1f02-4469-82cb-a0627e1b82fc,independiente,data_status,Outlier,0.9567567567567568
issues_data_df,49603c2f-1b2b-457f-b82e-fed8bded1d3d,Mitja,data_statusNote,Vacio,1.0
issues_data_df,609139b1-d6bd-4553-ac89-2f648787a60d,Maratón,data_statusNote,Vacio,1.0
issues_data_df,609139b1-d6bd-4553-ac89-2f648787a60d,Maratón Silla de Ruedas,data_statusNote,Vacio,1.0
issues_data_df,72a81045-fb27-43e6-a201-b1d42be42fac,Maratón,data_statusNote,Vacio,1.0
issues_data_df,af5c5746-04e8-42ab-9610-b12f0d9125b1,Maratón,data_statusNote,Vacio,1.0
issues_data_df,af5c5746-04e8-42ab-9610-b12f0d9125b1,Maratón Silla de Ruedas,data_statusNote,Vacio,1.0
issues_data_df,d221bcb0-4242-4ad9-aa5d-706446341917,Campionat de Catalunya,data_statusNote,Vacio,1.0
issues_data_df,609139b1-d6bd-4553-ac89-2f648787a60d,independiente,data_statusNote,Outlier,0.9558441558441558
issues_data_df,af5c5746-04e8-42ab-9610-b12f0d9125b1,independiente,data_statusNote,Outlier,0.9809112897953847
issues_data_df,c9ddd2cc-1f02-4469-82cb-a0627e1b82fc,independiente,data_statusNote,Outlier,0.9806899004267425
issues_data_df,49603c2f-1b2b-457f-b82e-fed8bded1d3d,Mitja,data_surname,Vacio,1.0
issues_data_df,609139b1-d6bd-4553-ac89-2f648787a60d,Maratón Silla de Ruedas,data_surname,Vacio,1.0
issues_data_df,72a81045-fb27-43e6-a201-b1d42be42fac,Maratón,data_surname,Vacio,1.0
issues_data_df,af5c5746-04e8-42ab-9610-b12f0d9125b1,Maratón,data_surname,Vacio,1.0
issues_data_df,af5c5746-04e8-42ab-9610-b12f0d9125b1,Maratón Silla de Ruedas,data_surname,Vacio,1.0
issues_data_df,d221bcb0-4242-4ad9-aa5d-706446341917,Campionat de Catalunya,data_surname,Vacio,1.0
issues_data_df,d221bcb0-4242-4ad9-aa5d-706446341917,Marato,data_surname,Vacio,1.0
issues_data_df,609139b1-d6bd-4553-ac89-2f648787a60d,Maratón,data_surname,Outlier,0.7229241877256318
issues_data_df,609139b1-d6bd-4553-ac89-2f648787a60d,independiente,data_surname,Outlier,0.9298701298701298
issues_data_df,49603c2f-1b2b-457f-b82e-fed8bded1d3d,Mitja,data_team,Vacio,1.0
issues_data_df,49603c2f-1b2b-457f-b82e-fed8bded1d3d,independiente,data_team,Vacio,1.0
issues_data_df,609139b1-d6bd-4553-ac89-2f648787a60d,Maratón,data_team,Vacio,1.0
issues_data_df,609139b1-d6bd-4553-ac89-2f648787a60d,Maratón Silla de Ruedas,data_team,Vacio,1.0
issues_data_df,609139b1-d6bd-4553-ac89-2f648787a60d,independiente,data_team,Vacio,1.0
issues_data_df,72a81045-fb27-43e6-a201-b1d42be42fac,Maratón,data_team,Vacio,1.0
issues_data_df,af5c5746-04e8-42ab-9610-b12f0d9125b1,Maratón,data_team,Vacio,1.0
issues_data_df,af5c5746-04e8-42ab-9610-b12f0d9125b1,Maratón Silla de Ruedas,data_team,Vacio,1.0
issues_data_df,af5c5746-04e8-42ab-9610-b12f0d9125b1,independiente,data_team,Vacio,1.0
issues_data_df,c9ddd2cc-1f02-4469-82cb-a0627e1b82fc,independiente,data_team,Vacio,1.0
issues_data_df,d221bcb0-4242-4ad9-aa5d-706446341917,Campionat de Catalunya,data_team,Vacio,1.0
issues_data_df,d221bcb0-4242-4ad9-aa5d-706446341917,Marato,data_team,Vacio,1.0
issues_data_df,d221bcb0-4242-4ad9-aa5d-706446341917,independiente,data_team,Vacio,1.0
issues_data_df,72a81045-fb27-43e6-a201-b1d42be42fac,independiente,data_team,Outlier,0.7100704638872578
issues_data_df,49603c2f-1b2b-457f-b82e-fed8bded1d3d,Mitja,data_user_id,Vacio,1.0
issues_data_df,49603c2f-1b2b-457f-b82e-fed8bded1d3d,independiente,data_user_id,Vacio,1.0
issues_data_df,609139b1-d6bd-4553-ac89-2f648787a60d,Maratón,data_user_id,Vacio,1.0
issues_data_df,609139b1-d6bd-4553-ac89-2f648787a60d,Maratón Silla de Ruedas,data_user_id,Vacio,1.0
issues_data_df,609139b1-d6bd-4553-ac89-2f648787a60d,independiente,data_user_id,Vacio,1.0
issues_data_df,72a81045-fb27-43e6-a201-b1d42be42fac,Maratón,data_user_id,Vacio,1.0
issues_data_df,72a81045-fb27-43e6-a201-b1d42be42fac,independiente,data_user_id,Vacio,1.0
issues_data_df,af5c5746-04e8-42ab-9610-b12f0d9125b1,Maratón,data_user_id,Vacio,1.0
issues_data_df,af5c5746-04e8-42ab-9610-b12f0d9125b1,Maratón Silla de Ruedas,data_user_id,Vacio,1.0
issues_data_df,c9ddd2cc-1f02-4469-82cb-a0627e1b82fc,independiente,data_user_id,Vacio,1.0
issues_data_df,d221bcb0-4242-4ad9-aa5d-706446341917,Campionat de Catalunya,data_user_id,Vacio,1.0
issues_data_df,d221bcb0-4242-4ad9-aa5d-706446341917,Marato,data_user_id,Vacio,1.0
issues_data_df,d221bcb0-4242-4ad9-aa5d-706446341917,independiente,data_user_id,Vacio,1.0
issues_data_df,af5c5746-04e8-42ab-9610-b12f0d9125b1,independiente,data_user_id,Outlier,0.9999346277047787
issues_data_df,d221bcb0-4242-4ad9-aa5d-706446341917,Campionat de Catalunya,event_std,Vacio,1.0
issues_data_df,d221bcb0-4242-4ad9-aa5d-706446341917,Campionat de Catalunya,event_std,Outlier,1.0
issues_events_df,49603c2f-1b2b-457f-b82e-fed8bded1d3d,Mitja,data_events_attributes_Andaluz,Vacio,1.0
issues_events_df,49603c2f-1b2b-457f-b82e-fed8bded1d3d,independiente,data_events_attributes_Andaluz,Vacio,1.0
issues_events_df,72a81045-fb27-43e6-a201-b1d42be42fac,Maratón,data_events_attributes_Andaluz,Vacio,1.0
issues_events_df,af5c5746-04e8-42ab-9610-b12f0d9125b1,Maratón,data_events_attributes_Andaluz,Vacio,1.0
issues_events_df,af5c5746-04e8-42ab-9610-b12f0d9125b1,Maratón Silla de Ruedas,data_events_attributes_Andaluz,Vacio,1.0
issues_events_df,af5c5746-04e8-42ab-9610-b12f0d9125b1,independiente,data_events_attributes_Andaluz,Vacio,1.0
issues_events_df,d221bcb0-4242-4ad9-aa5d-706446341917,Campionat de Catalunya,data_events_attributes_Andaluz,Vacio,1.0
issues_events_df,d221bcb0-4242-4ad9-aa5d-706446341917,Marato,data_events_attributes_Andaluz,Vacio,1.0
issues_events_df,d221bcb0-4242-4ad9-aa5d-706446341917,independiente,data_events_attributes_Andaluz,Vacio,1.0
issues_events_df,609139b1-d6bd-4553-ac89-2f648787a60d,Maratón,data_events_attributes_Andaluz,Outlier,0.0
issues_events_df,609139b1-d6bd-4553-ac89-2f648787a60d,Maratón Silla de Ruedas,data_events_attributes_Andaluz,Outlier,0.0
issues_events_df,609139b1-d6bd-4553-ac89-2f648787a60d,independiente,data_events_attributes_Andaluz,Outlier,0.0
issues_events_df,49603c2f-1b2b-457f-b82e-fed8bded1d3d,Mitja,data_events_attributes_Atletas con Discapacidad,Vacio,1.0
issues_events_df,49603c2f-1b2b-457f-b82e-fed8bded1d3d,independiente,data_events_attributes_Atletas con Discapacidad,Vacio,1.0
issues_events_df,72a81045-fb27-43e6-a201-b1d42be42fac,Maratón,data_events_attributes_Atletas con Discapacidad,Vacio,1.0
issues_events_df,d221bcb0-4242-4ad9-aa5d-706446341917,Campionat de Catalunya,data_events_attributes_Atletas con Discapacidad,Vacio,1.0
issues_events_df,d221bcb0-4242-4ad9-aa5d-706446341917,Marato,data_events_attributes_Atletas con Discapacidad,Vacio,1.0
issues_events_df,d221bcb0-4242-4ad9-aa5d-706446341917,independiente,data_events_attributes_Atletas con Discapacidad,Vacio,1.0
issues_events_df,49603c2f-1b2b-457f-b82e-fed8bded1d3d,Mitja,data_events_attributes_Campionat Catalunya General,Vacio,1.0
issues_events_df,49603c2f-1b2b-457f-b82e-fed8bded1d3d,independiente,data_events_attributes_Campionat Catalunya General,Vacio,1.0
issues_events_df,609139b1-d6bd-4553-ac89-2f648787a60d,Maratón,data_events_attributes_Campionat Catalunya General,Vacio,1.0
issues_events_df,609139b1-d6bd-4553-ac89-2f648787a60d,Maratón Silla de Ruedas,data_events_attributes_Campionat Catalunya General,Vacio,1.0
issues_events_df,609139b1-d6bd-4553-ac89-2f648787a60d,independiente,data_events_attributes_Campionat Catalunya General,Vacio,1.0
issues_events_df,72a81045-fb27-43e6-a201-b1d42be42fac,Maratón,data_events_attributes_Campionat Catalunya General,Vacio,1.0
issues_events_df,af5c5746-04e8-42ab-9610-b12f0d9125b1,Maratón,data_events_attributes_Campionat Catalunya General,Vacio,1.0
issues_events_df,af5c5746-04e8-42ab-9610-b12f0d9125b1,Maratón Silla de Ruedas,data_events_attributes_Campionat Catalunya General,Vacio,1.0
issues_events_df,af5c5746-04e8-42ab-9610-b12f0d9125b1,independiente,data_events_attributes_Campionat Catalunya General,Vacio,1.0
issues_events_df,d221bcb0-4242-4ad9-aa5d-706446341917,Campionat de Catalunya,data_events_attributes_Campionat Catalunya General,Outlier,0.0
issues_events_df,d221bcb0-4242-4ad9-aa5d-706446341917,Marato,data_events_attributes_Campionat Catalunya General,Outlier,0.0
issues_events_df,d221bcb0-4242-4ad9-aa5d-706446341917,independiente,data_events_attributes_Campionat Catalunya General,Outlier,0.0
issues_events_df,49603c2f-1b2b-457f-b82e-fed8bded1d3d,Mitja,data_events_attributes_Campionat Catalunya Master,Vacio,1.0
issues_events_df,49603c2f-1b2b-457f-b82e-fed8bded1d3d,independiente,data_events_attributes_Campionat Catalunya Master,Vacio,1.0
issues_events_df,609139b1-d6bd-4553-ac89-2f648787a60d,Maratón,data_events_attributes_Campionat Catalunya Master,Vacio,1.0
issues_events_df,609139b1-d6bd-4553-ac89-2f648787a60d,Maratón Silla de Ruedas,data_events_attributes_Campionat Catalunya Master,Vacio,1.0
issues_events_df,609139b1-d6bd-4553-ac89-2f648787a60d,independiente,data_events_attributes_Campionat Catalunya Master,Vacio,1.0
issues_events_df,72a81045-fb27-43e6-a201-b1d42be42fac,Maratón,data_events_attributes_Campionat Catalunya Master,Vacio,1.0
issues_events_df,af5c5746-04e8-42ab-9610-b12f0d9125b1,Maratón,data_events_attributes_Campionat Catalunya Master,Vacio,1.0
issues_events_df,af5c5746-04e8-42ab-9610-b12f0d9125b1,Maratón Silla de Ruedas,data_events_attributes_Campionat Catalunya Master,Vacio,1.0
issues_events_df,af5c5746-04e8-42ab-9610-b12f0d9125b1,independiente,data_events_attributes_Campionat Catalunya Master,Vacio,1.0
issues_events_df,d221bcb0-4242-4ad9-aa5d-706446341917,Campionat de Catalunya,data_events_attributes_Campionat Catalunya Master,Outlier,0.0
issues_events_df,d221bcb0-4242-4ad9-aa5d-706446341917,Marato,data_events_attributes_Campionat Catalunya Master,Outlier,0.0
issues_events_df,d221bcb0-4242-4ad9-aa5d-706446341917,independiente,data_events_attributes_Campionat Catalunya Master,Outlier,0.0
issues_events_df,49603c2f-1b2b-457f-b82e-fed8bded1d3d,Mitja,data_events_attributes_Clasif. Andaluzes,Vacio,1.0
issues_events_df,49603c2f-1b2b-457f-b82e-fed8bded1d3d,independiente,data_events_attributes_Clasif. Andaluzes,Vacio,1.0
issues_events_df,609139b1-d6bd-4553-ac89-2f648787a60d,Maratón,data_events_attributes_Clasif. Andaluzes,Vacio,1.0
issues_events_df,609139b1-d6bd-4553-ac89-2f648787a60d,Maratón Silla de Ruedas,data_events_attributes_Clasif. Andaluzes,Vacio,1.0
issues_events_df,609139b1-d6bd-4553-ac89-2f648787a60d,independiente,data_events_attributes_Clasif. Andaluzes,Vacio,1.0
issues_events_df,72a81045-fb27-43e6-a201-b1d42be42fac,Maratón,data_events_attributes_Clasif. Andaluzes,Vacio,1.0
issues_events_df,d221bcb0-4242-4ad9-aa5d-706446341917,Campionat de Catalunya,data_events_attributes_Clasif. Andaluzes,Vacio,1.0
issues_events_df,d221bcb0-4242-4ad9-aa5d-706446341917,Marato,data_events_attributes_Clasif. Andaluzes,Vacio,1.0
issues_events_df,d221bcb0-4242-4ad9-aa5d-706446341917,independiente,data_events_attributes_Clasif. Andaluzes,Vacio,1.0
issues_events_df,af5c5746-04e8-42ab-9610-b12f0d9125b1,Maratón,data_events_attributes_Clasif. Andaluzes,Outlier,0.0
issues_events_df,af5c5746-04e8-42ab-9610-b12f0d9125b1,Maratón Silla de Ruedas,data_events_attributes_Clasif. Andaluzes,Outlier,0.0
issues_events_df,af5c5746-04e8-42ab-9610-b12f0d9125b1,independiente,data_events_attributes_Clasif. Andaluzes,Outlier,0.0
issues_events_df,49603c2f-1b2b-457f-b82e-fed8bded1d3d,Mitja,data_events_attributes_Clasif. Españoles,Vacio,1.0
issues_events_df,49603c2f-1b2b-457f-b82e-fed8bded1d3d,independiente,data_events_attributes_Clasif. Españoles,Vacio,1.0
issues_events_df,609139b1-d6bd-4553-ac89-2f648787a60d,Maratón,data_events_attributes_Clasif. Españoles,Vacio,1.0
issues_events_df,609139b1-d6bd-4553-ac89-2f648787a60d,Maratón Silla de Ruedas,data_events_attributes_Clasif. Españoles,Vacio,1.0
issues_events_df,609139b1-d6bd-4553-ac89-2f648787a60d,independiente,data_events_attributes_Clasif. Españoles,Vacio,1.0
issues_events_df,72a81045-fb27-43e6-a201-b1d42be42fac,Maratón,data_events_attributes_Clasif. Españoles,Vacio,1.0
issues_events_df,d221bcb0-4242-4ad9-aa5d-706446341917,Campionat de Catalunya,data_events_attributes_Clasif. Españoles,Vacio,1.0
issues_events_df,d221bcb0-4242-4ad9-aa5d-706446341917,Marato,data_events_attributes_Clasif. Españoles,Vacio,1.0
issues_events_df,d221bcb0-4242-4ad9-aa5d-706446341917,independiente,data_events_attributes_Clasif. Españoles,Vacio,1.0
issues_events_df,af5c5746-04e8-42ab-9610-b12f0d9125b1,Maratón,data_events_attributes_Clasif. Españoles,Outlier,0.0
issues_events_df,af5c5746-04e8-42ab-9610-b12f0d9125b1,Maratón Silla de Ruedas,data_events_attributes_Clasif. Españoles,Outlier,0.0
issues_events_df,af5c5746-04e8-42ab-9610-b12f0d9125b1,independiente,data_events_attributes_Clasif. Españoles,Outlier,0.0
issues_events_df,49603c2f-1b2b-457f-b82e-fed8bded1d3d,Mitja,data_events_attributes_Clasif. Sevillanos,Vacio,1.0
issues_events_df,49603c2f-1b2b-457f-b82e-fed8bded1d3d,independiente,data_events_attributes_Clasif. Sevillanos,Vacio,1.0
issues_events_df,609139b1-d6bd-4553-ac89-2f648787a60d,Maratón,data_events_attributes_Clasif. Sevillanos,Vacio,1.0
issues_events_df,609139b1-d6bd-4553-ac89-2f648787a60d,Maratón Silla de Ruedas,data_events_attributes_Clasif. Sevillanos,Vacio,1.0
issues_events_df,609139b1-d6bd-4553-ac89-2f648787a60d,independiente,data_events_attributes_Clasif. Sevillanos,Vacio,1.0
issues_events_df,72a81045-fb27-43e6-a201-b1d42be42fac,Maratón,data_events_attributes_Clasif. Sevillanos,Vacio,1.0
issues_events_df,d221bcb0-4242-4ad9-aa5d-706446341917,Campionat de Catalunya,data_events_attributes_Clasif. Sevillanos,Vacio,1.0
issues_events_df,d221bcb0-4242-4ad9-aa5d-706446341917,Marato,data_events_attributes_Clasif. Sevillanos,Vacio,1.0
issues_events_df,d221bcb0-4242-4ad9-aa5d-706446341917,independiente,data_events_attributes_Clasif. Sevillanos,Vacio,1.0
issues_events_df,af5c5746-04e8-42ab-9610-b12f0d9125b1,Maratón,data_events_attributes_Clasif. Sevillanos,Outlier,0.0
issues_events_df,af5c5746-04e8-42ab-9610-b12f0d9125b1,Maratón Silla de Ruedas,data_events_attributes_Clasif. Sevillanos,Outlier,0.0
issues_events_df,af5c5746-04e8-42ab-9610-b12f0d9125b1,independiente,data_events_attributes_Clasif. Sevillanos,Outlier,0.0
issues_events_df,49603c2f-1b2b-457f-b82e-fed8bded1d3d,Mitja,data_events_attributes_Cto España,Vacio,1.0
issues_events_df,49603c2f-1b2b-457f-b82e-fed8bded1d3d,independiente,data_events_attributes_Cto España,Vacio,1.0
issues_events_df,72a81045-fb27-43e6-a201-b1d42be42fac,Maratón,data_events_attributes_Cto España,Vacio,1.0
issues_events_df,af5c5746-04e8-42ab-9610-b12f0d9125b1,Maratón,data_events_attributes_Cto España,Vacio,1.0
issues_events_df,af5c5746-04e8-42ab-9610-b12f0d9125b1,Maratón Silla de Ruedas,data_events_attributes_Cto España,Vacio,1.0
issues_events_df,af5c5746-04e8-42ab-9610-b12f0d9125b1,independiente,data_events_attributes_Cto España,Vacio,1.0
issues_events_df,d221bcb0-4242-4ad9-aa5d-706446341917,Campionat de Catalunya,data_events_attributes_Cto España,Vacio,1.0
issues_events_df,d221bcb0-4242-4ad9-aa5d-706446341917,Marato,data_events_attributes_Cto España,Vacio,1.0
issues_events_df,d221bcb0-4242-4ad9-aa5d-706446341917,independiente,data_events_attributes_Cto España,Vacio,1.0
issues_events_df,609139b1-d6bd-4553-ac89-2f648787a60d,Maratón,data_events_attributes_Cto España,Outlier,0.0
issues_events_df,609139b1-d6bd-4553-ac89-2f648787a60d,Maratón Silla de Ruedas,data_events_attributes_Cto España,Outlier,0.0
issues_events_df,609139b1-d6bd-4553-ac89-2f648787a60d,independiente,data_events_attributes_Cto España,Outlier,0.0
issues_events_df,49603c2f-1b2b-457f-b82e-fed8bded1d3d,Mitja,data_events_attributes_Discapacitado,Vacio,1.0
issues_events_df,49603c2f-1b2b-457f-b82e-fed8bded1d3d,independiente,data_events_attributes_Discapacitado,Vacio,1.0
issues_events_df,72a81045-fb27-43e6-a201-b1d42be42fac,Maratón,data_events_attributes_Discapacitado,Vacio,1.0
issues_events_df,af5c5746-04e8-42ab-9610-b12f0d9125b1,Maratón,data_events_attributes_Discapacitado,Vacio,1.0
issues_events_df,af5c5746-04e8-42ab-9610-b12f0d9125b1,Maratón Silla de Ruedas,data_events_attributes_Discapacitado,Vacio,1.0
issues_events_df,af5c5746-04e8-42ab-9610-b12f0d9125b1,independiente,data_events_attributes_Discapacitado,Vacio,1.0
issues_events_df,d221bcb0-4242-4ad9-aa5d-706446341917,Campionat de Catalunya,data_events_attributes_Discapacitado,Vacio,1.0
issues_events_df,d221bcb0-4242-4ad9-aa5d-706446341917,Marato,data_events_attributes_Discapacitado,Vacio,1.0
issues_events_df,d221bcb0-4242-4ad9-aa5d-706446341917,independiente,data_events_attributes_Discapacitado,Vacio,1.0
issues_events_df,609139b1-d6bd-4553-ac89-2f648787a60d,Maratón,data_events_attributes_Discapacitado,Outlier,0.0
issues_events_df,609139b1-d6bd-4553-ac89-2f648787a60d,Maratón Silla de Ruedas,data_events_attributes_Discapacitado,Outlier,0.0
issues_events_df,609139b1-d6bd-4553-ac89-2f648787a60d,independiente,data_events_attributes_Discapacitado,Outlier,0.0
issues_events_df,609139b1-d6bd-4553-ac89-2f648787a60d,Maratón,data_events_attributes_Discapacitado intelectual,Vacio,1.0
issues_events_df,609139b1-d6bd-4553-ac89-2f648787a60d,Maratón Silla de Ruedas,data_events_attributes_Discapacitado intelectual,Vacio,1.0
issues_events_df,609139b1-d6bd-4553-ac89-2f648787a60d,independiente,data_events_attributes_Discapacitado intelectual,Vacio,1.0
issues_events_df,72a81045-fb27-43e6-a201-b1d42be42fac,Maratón,data_events_attributes_Discapacitado intelectual,Vacio,1.0
issues_events_df,af5c5746-04e8-42ab-9610-b12f0d9125b1,Maratón,data_events_attributes_Discapacitado intelectual,Vacio,1.0
issues_events_df,af5c5746-04e8-42ab-9610-b12f0d9125b1,Maratón Silla de Ruedas,data_events_attributes_Discapacitado intelectual,Vacio,1.0
issues_events_df,af5c5746-04e8-42ab-9610-b12f0d9125b1,independiente,data_events_attributes_Discapacitado intelectual,Vacio,1.0
issues_events_df,d221bcb0-4242-4ad9-aa5d-706446341917,Campionat de Catalunya,data_events_attributes_Discapacitado intelectual,Vacio,1.0
issues_events_df,d221bcb0-4242-4ad9-aa5d-706446341917,Marato,data_events_attributes_Discapacitado intelectual,Vacio,1.0
issues_events_df,d221bcb0-4242-4ad9-aa5d-706446341917,independiente,data_events_attributes_Discapacitado intelectual,Vacio,1.0
issues_events_df,49603c2f-1b2b-457f-b82e-fed8bded1d3d,Mitja,data_events_attributes_Discapacitado intelectual,Outlier,0.0
issues_events_df,49603c2f-1b2b-457f-b82e-fed8bded1d3d,independiente,data_events_attributes_Discapacitado intelectual,Outlier,0.0
issues_events_df,609139b1-d6bd-4553-ac89-2f648787a60d,Maratón,data_events_attributes_Discapacitado visual,Vacio,1.0
issues_events_df,609139b1-d6bd-4553-ac89-2f648787a60d,Maratón Silla de Ruedas,data_events_attributes_Discapacitado visual,Vacio,1.0
issues_events_df,609139b1-d6bd-4553-ac89-2f648787a60d,independiente,data_events_attributes_Discapacitado visual,Vacio,1.0
issues_events_df,72a81045-fb27-43e6-a201-b1d42be42fac,Maratón,data_events_attributes_Discapacitado visual,Vacio,1.0
issues_events_df,af5c5746-04e8-42ab-9610-b12f0d9125b1,Maratón,data_events_attributes_Discapacitado visual,Vacio,1.0
issues_events_df,af5c5746-04e8-42ab-9610-b12f0d9125b1,Maratón Silla de Ruedas,data_events_attributes_Discapacitado visual,Vacio,1.0
issues_events_df,af5c5746-04e8-42ab-9610-b12f0d9125b1,independiente,data_events_attributes_Discapacitado visual,Vacio,1.0
issues_events_df,49603c2f-1b2b-457f-b82e-fed8bded1d3d,Mitja,data_events_attributes_Elite,Vacio,1.0
issues_events_df,49603c2f-1b2b-457f-b82e-fed8bded1d3d,independiente,data_events_attributes_Elite,Vacio,1.0
issues_events_df,609139b1-d6bd-4553-ac89-2f648787a60d,Maratón,data_events_attributes_Elite,Vacio,1.0
issues_events_df,609139b1-d6bd-4553-ac89-2f648787a60d,Maratón Silla de Ruedas,data_events_attributes_Elite,Vacio,1.0
issues_events_df,609139b1-d6bd-4553-ac89-2f648787a60d,independiente,data_events_attributes_Elite,Vacio,1.0
issues_events_df,72a81045-fb27-43e6-a201-b1d42be42fac,Maratón,data_events_attributes_Elite,Vacio,1.0
issues_events_df,af5c5746-04e8-42ab-9610-b12f0d9125b1,Maratón,data_events_attributes_Elite,Vacio,1.0
issues_events_df,af5c5746-04e8-42ab-9610-b12f0d9125b1,Maratón Silla de Ruedas,data_events_attributes_Elite,Vacio,1.0
issues_events_df,af5c5746-04e8-42ab-9610-b12f0d9125b1,independiente,data_events_attributes_Elite,Vacio,1.0
issues_events_df,d221bcb0-4242-4ad9-aa5d-706446341917,Campionat de Catalunya,data_events_attributes_Elite,Outlier,0.0
issues_events_df,d221bcb0-4242-4ad9-aa5d-706446341917,Marato,data_events_attributes_Elite,Outlier,0.0
issues_events_df,d221bcb0-4242-4ad9-aa5d-706446341917,independiente,data_events_attributes_Elite,Outlier,0.0
issues_events_df,49603c2f-1b2b-457f-b82e-fed8bded1d3d,Mitja,data_events_attributes_Españoles,Vacio,1.0
issues_events_df,49603c2f-1b2b-457f-b82e-fed8bded1d3d,independiente,data_events_attributes_Españoles,Vacio,1.0
issues_events_df,72a81045-fb27-43e6-a201-b1d42be42fac,Maratón,data_events_attributes_Españoles,Vacio,1.0
issues_events_df,af5c5746-04e8-42ab-9610-b12f0d9125b1,Maratón,data_events_attributes_Españoles,Vacio,1.0
issues_events_df,af5c5746-04e8-42ab-9610-b12f0d9125b1,Maratón Silla de Ruedas,data_events_attributes_Españoles,Vacio,1.0
issues_events_df,af5c5746-04e8-42ab-9610-b12f0d9125b1,independiente,data_events_attributes_Españoles,Vacio,1.0
issues_events_df,d221bcb0-4242-4ad9-aa5d-706446341917,Campionat de Catalunya,data_events_attributes_Españoles,Vacio,1.0
issues_events_df,d221bcb0-4242-4ad9-aa5d-706446341917,Marato,data_events_attributes_Españoles,Vacio,1.0
issues_events_df,d221bcb0-4242-4ad9-aa5d-706446341917,independiente,data_events_attributes_Españoles,Vacio,1.0
issues_events_df,609139b1-d6bd-4553-ac89-2f648787a60d,Maratón,data_events_attributes_Españoles,Outlier,0.0
issues_events_df,609139b1-d6bd-4553-ac89-2f648787a60d,Maratón Silla de Ruedas,data_events_attributes_Españoles,Outlier,0.0
issues_events_df,609139b1-d6bd-4553-ac89-2f648787a60d,independiente,data_events_attributes_Españoles,Outlier,0.0
issues_events_df,49603c2f-1b2b-457f-b82e-fed8bded1d3d,Mitja,data_events_attributes_Sevillano,Vacio,1.0
issues_events_df,49603c2f-1b2b-457f-b82e-fed8bded1d3d,independiente,data_events_attributes_Sevillano,Vacio,1.0
issues_events_df,72a81045-fb27-43e6-a201-b1d42be42fac,Maratón,data_events_attributes_Sevillano,Vacio,1.0
issues_events_df,af5c5746-04e8-42ab-9610-b12f0d9125b1,Maratón,data_events_attributes_Sevillano,Vacio,1.0
issues_events_df,af5c5746-04e8-42ab-9610-b12f0d9125b1,Maratón Silla de Ruedas,data_events_attributes_Sevillano,Vacio,1.0
issues_events_df,af5c5746-04e8-42ab-9610-b12f0d9125b1,independiente,data_events_attributes_Sevillano,Vacio,1.0
issues_events_df,d221bcb0-4242-4ad9-aa5d-706446341917,Campionat de Catalunya,data_events_attributes_Sevillano,Vacio,1.0
issues_events_df,d221bcb0-4242-4ad9-aa5d-706446341917,Marato,data_events_attributes_Sevillano,Vacio,1.0
issues_events_df,d221bcb0-4242-4ad9-aa5d-706446341917,independiente,data_events_attributes_Sevillano,Vacio,1.0
issues_events_df,609139b1-d6bd-4553-ac89-2f648787a60d,Maratón,data_events_attributes_Sevillano,Outlier,0.0
issues_events_df,609139b1-d6bd-4553-ac89-2f648787a60d,Maratón Silla de Ruedas,data_events_attributes_Sevillano,Outlier,0.0
issues_events_df,609139b1-d6bd-4553-ac89-2f648787a60d,independiente,data_events_attributes_Sevillano,Outlier,0.0
issues_events_df,609139b1-d6bd-4553-ac89-2f648787a60d,Maratón,data_events_attributes_Sillas,Vacio,1.0
issues_events_df,609139b1-d6bd-4553-ac89-2f648787a60d,Maratón Silla de Ruedas,data_events_attributes_Sillas,Vacio,1.0
issues_events_df,609139b1-d6bd-4553-ac89-2f648787a60d,independiente,data_events_attributes_Sillas,Vacio,1.0
issues_events_df,72a81045-fb27-43e6-a201-b1d42be42fac,Maratón,data_events_attributes_Sillas,Vacio,1.0
issues_events_df,af5c5746-04e8-42ab-9610-b12f0d9125b1,Maratón,data_events_attributes_Sillas,Vacio,1.0
issues_events_df,af5c5746-04e8-42ab-9610-b12f0d9125b1,Maratón Silla de Ruedas,data_events_attributes_Sillas,Vacio,1.0
issues_events_df,af5c5746-04e8-42ab-9610-b12f0d9125b1,independiente,data_events_attributes_Sillas,Vacio,1.0
issues_events_df,d221bcb0-4242-4ad9-aa5d-706446341917,Campionat de Catalunya,data_events_attributes_Sillas,Vacio,1.0
issues_events_df,d221bcb0-4242-4ad9-aa5d-706446341917,Marato,data_events_attributes_Sillas,Vacio,1.0
issues_events_df,d221bcb0-4242-4ad9-aa5d-706446341917,independiente,data_events_attributes_Sillas,Vacio,1.0
issues_events_df,49603c2f-1b2b-457f-b82e-fed8bded1d3d,Mitja,data_events_attributes_Sillas,Outlier,0.0
issues_events_df,49603c2f-1b2b-457f-b82e-fed8bded1d3d,independiente,data_events_attributes_Sillas,Outlier,0.0
issues_events_df,72a81045-fb27-43e6-a201-b1d42be42fac,Maratón,data_events_auto_category,Vacio,1.0
issues_events_df,af5c5746-04e8-42ab-9610-b12f0d9125b1,Maratón,data_events_auto_category,Vacio,1.0
issues_events_df,af5c5746-04e8-42ab-9610-b12f0d9125b1,Maratón Silla de Ruedas,data_events_auto_category,Vacio,1.0
issues_events_df,af5c5746-04e8-42ab-9610-b12f0d9125b1,independiente,data_events_auto_category,Vacio,1.0
issues_events_df,72a81045-fb27-43e6-a201-b1d42be42fac,Maratón,data_events_auto_chip,Vacio,1.0
issues_events_df,72a81045-fb27-43e6-a201-b1d42be42fac,Maratón,data_events_auto_chip,Outlier,1.0
issues_events_df,72a81045-fb27-43e6-a201-b1d42be42fac,Maratón,data_events_category,Vacio,1.0
issues_events_df,af5c5746-04e8-42ab-9610-b12f0d9125b1,Maratón,data_events_category,Vacio,1.0
issues_events_df,af5c5746-04e8-42ab-9610-b12f0d9125b1,Maratón Silla de Ruedas,data_events_category,Vacio,1.0
issues_events_df,af5c5746-04e8-42ab-9610-b12f0d9125b1,independiente,data_events_category,Vacio,1.0
issues_events_df,72a81045-fb27-43e6-a201-b1d42be42fac,Maratón,data_events_dorsal,Vacio,1.0
issues_events_df,72a81045-fb27-43e6-a201-b1d42be42fac,Maratón,data_events_dorsal,Outlier,1.0
issues_events_df,72a81045-fb27-43e6-a201-b1d42be42fac,Maratón,data_events_gunTime,Vacio,1.0
issues_events_df,72a81045-fb27-43e6-a201-b1d42be42fac,Maratón,data_events_gunTime,Outlier,1.0
issues_events_df,af5c5746-04e8-42ab-9610-b12f0d9125b1,Maratón,data_events_gunTime,Outlier,2.3829381627593627e-05
issues_events_df,609139b1-d6bd-4553-ac89-2f648787a60d,Maratón,data_events_gunTimeModeConfig_wave,Vacio,1.0
issues_events_df,609139b1-d6bd-4553-ac89-2f648787a60d,Maratón Silla de Ruedas,data_events_gunTimeModeConfig_wave,Vacio,1.0
issues_events_df,609139b1-d6bd-4553-ac89-2f648787a60d,independiente,data_events_gunTimeModeConfig_wave,Vacio,1.0
issues_events_df,72a81045-fb27-43e6-a201-b1d42be42fac,Maratón,data_events_gunTimeModeConfig_wave,Vacio,1.0
issues_events_df,49603c2f-1b2b-457f-b82e-fed8bded1d3d,Mitja,data_events_team,Vacio,1.0
issues_events_df,49603c2f-1b2b-457f-b82e-fed8bded1d3d,independiente,data_events_team,Vacio,1.0
issues_events_df,72a81045-fb27-43e6-a201-b1d42be42fac,Maratón,data_events_team,Vacio,1.0
issues_events_df,d221bcb0-4242-4ad9-aa5d-706446341917,Campionat de Catalunya,data_events_team,Vacio,1.0
issues_events_df,d221bcb0-4242-4ad9-aa5d-706446341917,Marato,data_events_team,Vacio,1.0
issues_events_df,d221bcb0-4242-4ad9-aa5d-706446341917,independiente,data_events_team,Vacio,1.0
issues_events_df,49603c2f-1b2b-457f-b82e-fed8bded1d3d,Mitja,data_events_times_10K v4Con_time,Vacio,1.0
issues_events_df,49603c2f-1b2b-457f-b82e-fed8bded1d3d,independiente,data_events_times_10K v4Con_time,Vacio,1.0
issues_events_df,72a81045-fb27-43e6-a201-b1d42be42fac,Maratón,data_events_times_10K v4Con_time,Vacio,1.0
issues_events_df,af5c5746-04e8-42ab-9610-b12f0d9125b1,Maratón,data_events_times_10K v4Con_time,Vacio,1.0
issues_events_df,af5c5746-04e8-42ab-9610-b12f0d9125b1,Maratón Silla de Ruedas,data_events_times_10K v4Con_time,Vacio,1.0
issues_events_df,af5c5746-04e8-42ab-9610-b12f0d9125b1,independiente,data_events_times_10K v4Con_time,Vacio,1.0
issues_events_df,d221bcb0-4242-4ad9-aa5d-706446341917,Campionat de Catalunya,data_events_times_10K v4Con_time,Vacio,1.0
issues_events_df,d221bcb0-4242-4ad9-aa5d-706446341917,Marato,data_events_times_10K v4Con_time,Vacio,1.0
issues_events_df,d221bcb0-4242-4ad9-aa5d-706446341917,independiente,data_events_times_10K v4Con_time,Vacio,1.0
issues_events_df,609139b1-d6bd-4553-ac89-2f648787a60d,Maratón,data_events_times_10K v4Con_time,Outlier,0.0
issues_events_df,609139b1-d6bd-4553-ac89-2f648787a60d,Maratón Silla de Ruedas,data_events_times_10K v4Con_time,Outlier,0.0
issues_events_df,609139b1-d6bd-4553-ac89-2f648787a60d,independiente,data_events_times_10K v4Con_time,Outlier,0.0
issues_events_df,49603c2f-1b2b-457f-b82e-fed8bded1d3d,Mitja,data_events_times_25K_time,Vacio,1.0
issues_events_df,49603c2f-1b2b-457f-b82e-fed8bded1d3d,independiente,data_events_times_25K_time,Vacio,1.0
issues_events_df,49603c2f-1b2b-457f-b82e-fed8bded1d3d,Mitja,data_events_times_25K_time,Outlier,1.0
issues_events_df,49603c2f-1b2b-457f-b82e-fed8bded1d3d,independiente,data_events_times_25K_time,Outlier,1.0
issues_events_df,49603c2f-1b2b-457f-b82e-fed8bded1d3d,Mitja,data_events_times_30K_time,Vacio,1.0
issues_events_df,49603c2f-1b2b-457f-b82e-fed8bded1d3d,independiente,data_events_times_30K_time,Vacio,1.0
issues_events_df,49603c2f-1b2b-457f-b82e-fed8bded1d3d,Mitja,data_events_times_30K_time,Outlier,1.0
issues_events_df,49603c2f-1b2b-457f-b82e-fed8bded1d3d,independiente,data_events_times_30K_time,Outlier,1.0
issues_events_df,49603c2f-1b2b-457f-b82e-fed8bded1d3d,Mitja,data_events_times_35K_time,Vacio,1.0
issues_events_df,49603c2f-1b2b-457f-b82e-fed8bded1d3d,independiente,data_events_times_35K_time,Vacio,1.0
issues_events_df,49603c2f-1b2b-457f-b82e-fed8bded1d3d,Mitja,data_events_times_35K_time,Outlier,1.0
issues_events_df,49603c2f-1b2b-457f-b82e-fed8bded1d3d,independiente,data_events_times_35K_time,Outlier,1.0
issues_events_df,49603c2f-1b2b-457f-b82e-fed8bded1d3d,Mitja,data_events_times_40K_time,Vacio,1.0
issues_events_df,49603c2f-1b2b-457f-b82e-fed8bded1d3d,independiente,data_events_times_40K_time,Vacio,1.0
issues_events_df,49603c2f-1b2b-457f-b82e-fed8bded1d3d,Mitja,data_events_times_40K_time,Outlier,1.0
issues_events_df,49603c2f-1b2b-457f-b82e-fed8bded1d3d,independiente,data_events_times_40K_time,Outlier,1.0
issues_events_df,49603c2f-1b2b-457f-b82e-fed8bded1d3d,Mitja,data_events_times_Asics 2_time,Vacio,1.0
issues_events_df,49603c2f-1b2b-457f-b82e-fed8bded1d3d,independiente,data_events_times_Asics 2_time,Vacio,1.0
issues_events_df,72a81045-fb27-43e6-a201-b1d42be42fac,Maratón,data_events_times_Asics 2_time,Vacio,1.0
issues_events_df,d221bcb0-4242-4ad9-aa5d-706446341917,Campionat de Catalunya,data_events_times_Asics 2_time,Vacio,1.0
issues_events_df,d221bcb0-4242-4ad9-aa5d-706446341917,Marato,data_events_times_Asics 2_time,Vacio,1.0
issues_events_df,d221bcb0-4242-4ad9-aa5d-706446341917,independiente,data_events_times_Asics 2_time,Vacio,1.0
issues_events_df,49603c2f-1b2b-457f-b82e-fed8bded1d3d,Mitja,data_events_times_Asics_time,Vacio,1.0
issues_events_df,49603c2f-1b2b-457f-b82e-fed8bded1d3d,independiente,data_events_times_Asics_time,Vacio,1.0
issues_events_df,af5c5746-04e8-42ab-9610-b12f0d9125b1,Maratón,data_events_times_Asics_time,Vacio,1.0
issues_events_df,af5c5746-04e8-42ab-9610-b12f0d9125b1,Maratón Silla de Ruedas,data_events_times_Asics_time,Vacio,1.0
issues_events_df,af5c5746-04e8-42ab-9610-b12f0d9125b1,independiente,data_events_times_Asics_time,Vacio,1.0
issues_events_df,d221bcb0-4242-4ad9-aa5d-706446341917,Campionat de Catalunya,data_events_times_Asics_time,Vacio,1.0
issues_events_df,d221bcb0-4242-4ad9-aa5d-706446341917,Marato,data_events_times_Asics_time,Vacio,1.0
issues_events_df,d221bcb0-4242-4ad9-aa5d-706446341917,independiente,data_events_times_Asics_time,Vacio,1.0
issues_events_df,49603c2f-1b2b-457f-b82e-fed8bded1d3d,Mitja,data_events_times_Media_time,Vacio,1.0
issues_events_df,49603c2f-1b2b-457f-b82e-fed8bded1d3d,independiente,data_events_times_Media_time,Vacio,1.0
issues_events_df,49603c2f-1b2b-457f-b82e-fed8bded1d3d,Mitja,data_events_times_Media_time,Outlier,1.0
issues_events_df,49603c2f-1b2b-457f-b82e-fed8bded1d3d,independiente,data_events_times_Media_time,Outlier,1.0
issues_events_df,49603c2f-1b2b-457f-b82e-fed8bded1d3d,Mitja,data_events_times_PREMETA_time,Vacio,1.0
issues_events_df,49603c2f-1b2b-457f-b82e-fed8bded1d3d,independiente,data_events_times_PREMETA_time,Vacio,1.0
issues_events_df,609139b1-d6bd-4553-ac89-2f648787a60d,Maratón,data_events_times_PREMETA_time,Vacio,1.0
issues_events_df,609139b1-d6bd-4553-ac89-2f648787a60d,Maratón Silla de Ruedas,data_events_times_PREMETA_time,Vacio,1.0
issues_events_df,609139b1-d6bd-4553-ac89-2f648787a60d,independiente,data_events_times_PREMETA_time,Vacio,1.0
issues_events_df,72a81045-fb27-43e6-a201-b1d42be42fac,Maratón,data_events_times_PREMETA_time,Vacio,1.0
issues_events_df,af5c5746-04e8-42ab-9610-b12f0d9125b1,Maratón,data_events_times_PREMETA_time,Vacio,1.0
issues_events_df,af5c5746-04e8-42ab-9610-b12f0d9125b1,Maratón Silla de Ruedas,data_events_times_PREMETA_time,Vacio,1.0
issues_events_df,af5c5746-04e8-42ab-9610-b12f0d9125b1,independiente,data_events_times_PREMETA_time,Vacio,1.0
issues_events_df,d221bcb0-4242-4ad9-aa5d-706446341917,Campionat de Catalunya,data_events_times_PREMETA_time,Outlier,0.0
issues_events_df,d221bcb0-4242-4ad9-aa5d-706446341917,Marato,data_events_times_PREMETA_time,Outlier,0.0
issues_events_df,d221bcb0-4242-4ad9-aa5d-706446341917,independiente,data_events_times_PREMETA_time,Outlier,0.0
issues_events_df,49603c2f-1b2b-457f-b82e-fed8bded1d3d,Mitja,data_events_times_Spotter_time,Vacio,1.0
issues_events_df,49603c2f-1b2b-457f-b82e-fed8bded1d3d,independiente,data_events_times_Spotter_time,Vacio,1.0
issues_events_df,72a81045-fb27-43e6-a201-b1d42be42fac,Maratón,data_events_times_Spotter_time,Vacio,1.0
issues_events_df,d221bcb0-4242-4ad9-aa5d-706446341917,Campionat de Catalunya,data_events_times_Spotter_time,Vacio,1.0
issues_events_df,d221bcb0-4242-4ad9-aa5d-706446341917,Marato,data_events_times_Spotter_time,Vacio,1.0
issues_events_df,d221bcb0-4242-4ad9-aa5d-706446341917,independiente,data_events_times_Spotter_time,Vacio,1.0
issues_events_df,d221bcb0-4242-4ad9-aa5d-706446341917,Campionat de Catalunya,event_std,Vacio,1.0
issues_events_df,d221bcb0-4242-4ad9-aa5d-706446341917,Campionat de Catalunya,event_std,Outlier,1.0
