event_std,race_ids_unicos,num_carreras,num_filas,num_atletas_unicos,porcentaje_total
independiente,"['af5c5746-04e8-42ab-9610-b12f0d9125b1'
 '609139b1-d6bd-4553-ac89-2f648787a60d'
 '72a81045-fb27-43e6-a201-b1d42be42fac'
 'c9ddd2cc-1f02-4469-82cb-a0627e1b82fc'
 'd221bcb0-4242-4ad9-aa5d-706446341917'
 '49603c2f-1b2b-457f-b82e-fed8bded1d3d']",6,544188,80133,22.47
maraton,"['af5c5746-04e8-42ab-9610-b12f0d9125b1'
 '609139b1-d6bd-4553-ac89-2f648787a60d'
 '72a81045-fb27-43e6-a201-b1d42be42fac'
 'c9ddd2cc-1f02-4469-82cb-a0627e1b82fc'
 'd221bcb0-4242-4ad9-aa5d-706446341917'
 '49603c2f-1b2b-457f-b82e-fed8bded1d3d']",6,1616172,81166,66.74
media,['49603c2f-1b2b-457f-b82e-fed8bded1d3d'],1,162065,31663,6.69
