{
    "edreams-mitja-marato-barcelona-2025-by-brooks": [
        {
            "id": "L6554352",
            "name": "Samuel",
            "surname": "Martin López",
            "nationality": "ES",
            "gender": "male",
            "birthdate": "1979-07-23",
            "TIEMPO ESTIMADO": "Entre 1h35 y 1h40",
            "club": "ASOCIACION ATLETICA TORRIJOS",
            "events": [
                {
                    "event": "Mitja",
                    "dorsal": 7540,
                    "chip": [
                        7540
                    ],
                    "team": "",
                    "team_type": [],
                    "category": "M45",
                    "attributes": {},
                    "gunTime": "2025-02-16T07:40:32.000Z",
                    "gunTimeMode": "wave",
                    "gunTimeModeConfig": {
                        "wave": "8:40"
                    },
                    "auto_category": true,
                    "auto_chip": true,
                    "status": "finished",
                    "realStatus": "finished",
                    "startTime": 72179,
                    "startRawTime": 1739691704179,
                    "startNetTime": 72179,
                    "distance": 21097,
                    "leader_weight": 6.9999994392315,
                    "maxConsecutiveSplitsMissing": 0,
                    "splitsMissing": 0,
                    "issuesCount": {
                        "data": 5,
                        "times": 0
                    },
                    "splitsSeen": 6,
                    "last_split_seen": "Meta",
                    "times": {
                        "Salida": {
                            "time": 72179,
                            "split": "Salida",
                            "order": 1,
                            "raw": {
                                "created": 1739691708227,
                                "chip": "7540",
                                "location": "Salida",
                                "device": "TS2P4 190",
                                "time": "2025-02-16T07:41:44.179Z",
                                "rewind": false,
                                "rewindId": null,
                                "import": false,
                                "importId": null,
                                "valid": true,
                                "offset": 0,
                                "type": 2,
                                "originalTime": 1739691704179,
                                "rawTime": 1739691704179,
                                "id": "L6554352",
                                "times": {
                                    "official": 72179,
                                    "real": 72179,
                                    "rawTime": 1739691704179
                                }
                            },
                            "distance": 0,
                            "average": 0,
                            "rawTime": 1739691704179,
                            "netTime": 0,
                            "weight": 1.999999992782
                        },
                        "5K": {
                            "time": 1411654,
                            "split": "5K",
                            "order": 2,
                            "raw": {
                                "created": 1739693047738,
                                "chip": "7540",
                                "location": "5K",
                                "device": "TS2P8 4",
                                "time": "2025-02-16T08:04:03.654Z",
                                "rewind": false,
                                "rewindId": null,
                                "import": false,
                                "importId": null,
                                "valid": true,
                                "offset": 0,
                                "type": 2,
                                "originalTime": 1739693043654,
                                "rawTime": 1739693043654,
                                "id": "L6554352",
                                "times": {
                                    "official": 1411654,
                                    "real": 1411654,
                                    "rawTime": 1739693043654
                                }
                            },
                            "distance": 5000,
                            "average": 0.28233,
                            "rawTime": 1739693043654,
                            "netTime": 1339475,
                            "weight": 2.9999998588345
                        },
                        "10K": {
                            "time": 2705693,
                            "split": "10K",
                            "order": 3,
                            "raw": {
                                "created": 1739694340523,
                                "chip": "7540",
                                "location": "10K",
                                "device": "TS2P8 5",
                                "time": "2025-02-16T08:25:37.693Z",
                                "rewind": false,
                                "rewindId": null,
                                "import": false,
                                "importId": null,
                                "valid": true,
                                "offset": 0,
                                "type": 2,
                                "originalTime": 1739694337693,
                                "rawTime": 1739694337693,
                                "id": "L6554352",
                                "times": {
                                    "official": 2705693,
                                    "real": 2705693,
                                    "rawTime": 1739694337693
                                }
                            },
                            "distance": 10000,
                            "average": 0.27057,
                            "rawTime": 1739694337693,
                            "netTime": 2633514,
                            "weight": 3.9999997294306
                        },
                        "15K": {
                            "time": 4019416,
                            "split": "15K",
                            "order": 4,
                            "raw": {
                                "created": 1739695655208,
                                "chip": "7540",
                                "location": "15K",
                                "device": "TS2P8 87",
                                "time": "2025-02-16T08:47:31.416Z",
                                "rewind": false,
                                "rewindId": null,
                                "import": false,
                                "importId": null,
                                "valid": true,
                                "offset": 0,
                                "type": 2,
                                "originalTime": 1739695651416,
                                "rawTime": 1739695651416,
                                "id": "L6554352",
                                "times": {
                                    "official": 4019416,
                                    "real": 4019416,
                                    "rawTime": 1739695651416
                                }
                            },
                            "distance": 15000,
                            "average": 0.26796,
                            "rawTime": 1739695651416,
                            "netTime": 3947237,
                            "weight": 4.9999995980583
                        },
                        "20K": {
                            "time": 5331640,
                            "split": "20K",
                            "order": 5,
                            "raw": {
                                "created": 1739696969803,
                                "chip": "7540",
                                "location": "20K",
                                "device": "TS2P8 28",
                                "time": "2025-02-16T09:09:23.640Z",
                                "rewind": false,
                                "rewindId": null,
                                "import": false,
                                "importId": null,
                                "valid": true,
                                "offset": 0,
                                "type": 2,
                                "originalTime": 1739696963640,
                                "rawTime": 1739696963640,
                                "id": "L6554352",
                                "times": {
                                    "official": 5331640,
                                    "real": 5331640,
                                    "rawTime": 1739696963640
                                }
                            },
                            "distance": 20000,
                            "average": 0.26658,
                            "rawTime": 1739696963640,
                            "netTime": 5259461,
                            "weight": 5.9999994668359
                        },
                        "Meta": {
                            "time": 5607684,
                            "split": "Meta",
                            "order": 6,
                            "raw": {
                                "created": 1739697242951,
                                "chip": "7540",
                                "location": "Meta",
                                "device": "TS2P8 3",
                                "time": "2025-02-16T09:13:59.684Z",
                                "rewind": false,
                                "rewindId": null,
                                "import": false,
                                "importId": null,
                                "valid": true,
                                "offset": 0,
                                "type": 2,
                                "originalTime": 1739697239684,
                                "rawTime": 1739697239684,
                                "id": "L6554352",
                                "times": {
                                    "official": 5607684,
                                    "real": 5607684,
                                    "rawTime": 1739697239684
                                }
                            },
                            "distance": 21097,
                            "originalTime": 5607684,
                            "average": 0.2658,
                            "rawTime": 1739697239684,
                            "netTime": 5535505,
                            "weight": 6.9999994392315
                        }
                    },
                    "rankings": {
                        "5K": {
                            "time": 1411654,
                            "net": 1339475,
                            "average": 0.28233,
                            "averageNet": 0.2679,
                            "location": "5K",
                            "rawTime": 1739693043654
                        },
                        "10K": {
                            "time": 2705693,
                            "net": 2633514,
                            "average": 0.27057,
                            "averageNet": 0.26335,
                            "location": "10K",
                            "rawTime": 1739694337693
                        },
                        "15K": {
                            "time": 4019416,
                            "net": 3947237,
                            "average": 0.26796,
                            "averageNet": 0.26315,
                            "location": "15K",
                            "rawTime": 1739695651416
                        },
                        "20K": {
                            "time": 5331640,
                            "net": 5259461,
                            "average": 0.26658,
                            "averageNet": 0.26297,
                            "location": "20K",
                            "rawTime": 1739696963640
                        },
                        "Meta": {
                            "time": 5607684,
                            "net": 5535505,
                            "average": 0.2658,
                            "averageNet": 0.26238,
                            "location": "Meta",
                            "rawTime": 1739697239684
                        }
                    },
                    "leader": {
                        "time": 5607684,
                        "split": "Meta",
                        "weight": 6.9999994392315,
                        "average": 0.2658,
                        "rawTime": 1739697239684,
                        "location": "Meta"
                    },
                    "calculatedTimes": {
                        "5K": {
                            "official": 1411654,
                            "net": 1339475
                        },
                        "10K": {
                            "official": 2705693,
                            "net": 2633514
                        },
                        "15K": {
                            "official": 4019416,
                            "net": 3947237
                        },
                        "20K": {
                            "official": 5331640,
                            "net": 5259461
                        },
                        "Meta": {
                            "official": 5607684,
                            "net": 5535505
                        }
                    },
                    "commentatorTimes": {
                        "Salida": 1739691704179,
                        "5K": 1739693043654,
                        "10K": 1739694337693,
                        "15K": 1739695651416,
                        "20K": 1739696963640,
                        "Meta": 1739697239684
                    },
                    "predictive": {},
                    "backups": {
                        "Salida": {
                            "time": 74018,
                            "physicalLocation": "Backup Salida",
                            "offset": -2000
                        },
                        "Meta": {
                            "time": 5607684,
                            "physicalLocation": "Backup Meta",
                            "offset": 12000
                        }
                    },
                    "mst": [],
                    "custom-rankings": [],
                    "commentator": {
                        "5K_name": "5K",
                        "5K_time": 1411654,
                        "5K_pos": "@(rankings.[5K].pos)",
                        "5K_posGen": "@(rankings.[5K].posGen)",
                        "5K_posCat": "@(rankings.[5K].posCat)",
                        "10K_name": "10K",
                        "10K_time": 2705693,
                        "10K_pos": "@(rankings.[10K].pos)",
                        "10K_posGen": "@(rankings.[10K].posGen)",
                        "10K_posCat": "@(rankings.[10K].posCat)",
                        "15K_name": "15K",
                        "15K_time": 4019416,
                        "15K_pos": "@(rankings.[15K].pos)",
                        "15K_posGen": "@(rankings.[15K].posGen)",
                        "15K_posCat": "@(rankings.[15K].posCat)",
                        "20K_name": "20K",
                        "20K_time": 5331640,
                        "20K_pos": "@(rankings.[20K].pos)",
                        "20K_posGen": "@(rankings.[20K].posGen)",
                        "20K_posCat": "@(rankings.[20K].posCat)",
                        "Meta_name": "Meta",
                        "Meta_time": 5607684,
                        "Meta_pos": "@(rankings.[Meta].pos)",
                        "Meta_posGen": "@(rankings.[Meta].posGen)",
                        "Meta_posCat": "@(rankings.[Meta].posCat)"
                    },
                    "penalties": []
                }
            ],
            "importId": "aad4d820-e853-11ef-a149-eb364f5bb657",
            "featured": false,
            "user_id": 0,
            "locations": [
                "Salida",
                "Backup Salida",
                "5K",
                "10K",
                "15K",
                "20K",
                "Backup Meta",
                "Meta"
            ],
            "color": "ec5a75",
            "fullName": "Samuel Martin López",
            "Licencia": ""
        }
    ]
}